timestamp,temperature,humidity,energy_consumption,hour,day,month
2024-05-19 05:45:31.258000+00:00,0.970340632621734,-1.0205267537356295,932.6809113163036,5,19,5
2023-11-02 13:38:08.470000+00:00,1.084813797893895,1.6923349996262045,225.77565346029587,13,2,11
2024-05-21 21:38:13.259000+00:00,0.745092332309767,0.39975781056255966,943.0002307523972,21,21,5
2024-02-05 10:43:15.451000+00:00,-1.2725095568819837,-0.00028396314725973265,105.4750564924907,10,5,2
2024-05-30 09:59:56.777000+00:00,1.2497076452163782,1.224144583686923,580.2630149258766,9,30,5
2024-05-10 04:59:10.722000+00:00,-0.6844021830538082,-0.04120331266078023,457.20948677137494,4,10,5
2023-12-16 05:03:18.833000+00:00,-0.7200249609596255,0.7516214210213561,38.825618773233145,5,16,12
2023-12-12 22:16:03.139000+00:00,0.941161557895886,1.3492943984201415,552.6667504762299,22,12,12
2024-04-19 17:14:14.680000+00:00,1.6668417750843718,-1.4680972265179701,41.613503131084144,17,19,4
2024-01-17 08:07:27.377000+00:00,1.2545043258440414,-0.382432499218991,711.2910362877883,8,17,1
2024-05-08 16:41:21.545000+00:00,0.952044862614534,-0.011596700131209968,137.79909687885083,16,8,5
2023-09-19 08:49:43.663000+00:00,-0.06937037585231659,-1.5684973973407164,758.7942524824757,8,19,9
2024-03-30 20:02:39.289000+00:00,-1.5331870257711373,-0.08636541077721362,228.216197875794,20,30,3
2024-05-11 08:48:24.583000+00:00,-0.5754728979393028,-0.04184126943634586,859.4078431276139,8,11,5
2024-01-11 06:14:38.895000+00:00,0.930045733175155,-1.4107576608429446,437.373671811074,6,11,1
2024-05-02 15:12:08.758000+00:00,-1.5361389562863308,0.12336979175271401,657.9123062973376,15,2,5
2024-05-06 09:16:18.803000+00:00,-1.323317031754564,1.729184080021273,920.5549313982484,9,6,5
2024-06-14 20:09:42.121000+00:00,0.7010829704095186,-0.8413471915180711,983.428182234522,20,14,6
2023-12-08 12:00:06.062000+00:00,0.6784804343356385,-0.45651244266744534,862.4547135203611,12,8,12
2023-08-17 08:16:53.233000+00:00,1.5706866328294884,-1.5515032500668418,141.02305887290277,8,17,8
2024-01-10 21:23:39.320000+00:00,-0.04993504319528273,-0.2531072164275637,510.0260543639306,21,10,1
2024-02-04 20:21:21.483000+00:00,0.6397170958809563,1.4873812375218192,492.9458573276642,20,4,2
2024-04-10 00:39:25.491000+00:00,0.27365254467860006,-1.422008814136926,7.734182349173352,0,10,4
2024-04-23 06:19:33.382000+00:00,-1.5091361919731192,-0.4283235413675155,263.35264215106145,6,23,4
2023-09-14 06:32:38.193000+00:00,1.4297254422636803,-1.001976545714005,111.54872013255954,6,14,9
2023-09-30 07:19:02.157000+00:00,-0.2908179375036482,0.1275104444353915,529.4754417845979,7,30,9
2023-11-09 15:33:26.462000+00:00,-1.0800431185198456,0.7821474888511618,618.3350629410706,15,9,11
2023-10-23 05:45:28.747000+00:00,-1.5901872547159255,1.2029690002599789,596.6264224923216,5,23,10
2024-05-19 14:45:39.009000+00:00,0.8291417681978444,0.9581385965923463,607.6257281440776,14,19,5
2023-11-13 06:16:20.102000+00:00,1.2741885645401614,0.2616165658890887,594.3857814760413,6,13,11
2023-09-04 22:17:06.484000+00:00,-0.11877515570260347,-1.355120108278259,680.5378940771334,22,4,9
2024-05-12 22:35:39.628000+00:00,0.2984953470425016,1.1493327271827263,697.7464497513138,22,12,5
2024-05-27 12:04:40.575000+00:00,1.6287758299027473,-1.0706169454792027,623.2422569224145,12,27,5
2023-10-12 08:48:26.249000+00:00,-1.1439747671454943,-0.352108984419555,181.45812505693175,8,12,10
2024-06-26 00:02:53.053000+00:00,-1.2951233650588996,-0.6955151580319935,652.7786753212567,0,26,6
2024-01-20 18:15:55.313000+00:00,1.0483591763577045,-0.5803786865946077,440.3415117471013,18,20,1
2024-03-09 06:05:41.939000+00:00,-1.3262178871184458,-0.22697842854735484,577.3061275556684,6,9,3
2023-09-03 02:48:36.520000+00:00,-0.8071941470591227,-0.888778839411856,804.6540285933297,2,3,9
2024-03-25 12:38:25.685000+00:00,1.0108440855441005,0.5167245665147434,595.8486758810468,12,25,3
2024-04-12 17:40:27.457000+00:00,1.1645556544017468,0.7302666298930617,422.6113089576829,17,12,4
2023-08-25 02:21:58.309000+00:00,1.4302171509677302,-0.8239438232920894,487.67584076314233,2,25,8
2024-03-08 02:04:15.227000+00:00,0.9437260255249187,-1.6533987498362668,775.6591302342713,2,8,3
2024-07-09 10:22:11.114000+00:00,0.6111932105785003,1.4582912156172145,633.1709434504155,10,9,7
2023-12-14 10:47:10.298000+00:00,-0.49816120430116584,-1.211041470852315,745.4077980343718,10,14,12
2024-05-08 16:26:19.911000+00:00,1.49303693891954,0.3148199129266048,633.6416067532264,16,8,5
2023-09-12 18:46:04.060000+00:00,0.973370621667666,-0.7306652073339122,431.35500801727176,18,12,9
2024-03-02 18:50:19.108000+00:00,-0.2308648324394676,0.0397096730528265,763.2566931617912,18,2,3
2024-06-20 02:00:53.987000+00:00,0.3687505272707675,0.481077428265637,594.3431872341316,2,20,6
2024-07-26 11:14:37.410000+00:00,1.6302674297238122,-0.971575451366052,627.8072323000524,11,26,7
2024-06-09 09:59:06.162000+00:00,-1.1815536705868406,-0.8486739306046482,253.27035360969603,9,9,6
2024-08-04 12:41:10.694000+00:00,-1.3208343643682499,-1.3640472185167078,713.1548848962411,12,4,8
2024-02-21 15:33:09.557000+00:00,1.4985145970374294,1.1870477668539643,887.9111467066687,15,21,2
2024-05-12 12:50:52.672000+00:00,0.19684590309648126,0.340467504581959,951.0939933729824,12,12,5
2024-04-16 15:21:22.666000+00:00,0.2025293467626351,-1.0161893431409557,208.22878356929868,15,16,4
2024-02-29 21:40:17.429000+00:00,-1.1470694212719605,1.7674348132560265,118.82606675545684,21,29,2
2024-03-23 09:22:12.764000+00:00,0.8415100096722069,0.8820674793813805,623.6483924747445,9,23,3
2023-11-04 21:36:37.932000+00:00,1.0711272933629026,1.5783922511092954,499.9463385869749,21,4,11
2023-12-03 08:38:42.802000+00:00,-0.3554557325034752,1.005354191168788,590.9507669718005,8,3,12
2023-11-12 21:30:07.033000+00:00,-0.8037870599823287,1.5519486452100577,209.1385873563122,21,12,11
2024-07-15 09:06:15.590000+00:00,-0.06385627361629911,1.156015277467617,724.0830453897361,9,15,7
2024-02-29 06:31:28.386000+00:00,-1.5885095133344915,-0.257525268173371,239.82872579735704,6,29,2
2023-11-18 16:51:18.124000+00:00,0.6640578137265207,1.699062577396148,835.4284358264413,16,18,11
2024-07-28 05:23:50.123000+00:00,-1.0041762713070772,0.39025877427722105,487.6916818371974,5,28,7
2023-12-31 12:51:15.758000+00:00,-0.848815710410233,-1.4362229840064287,484.446999332169,12,31,12
2024-04-04 19:32:53.793000+00:00,1.2597216109063605,-0.2674221260166732,887.7110609507654,19,4,4
2024-06-27 22:00:27.039000+00:00,-1.2545632839089065,-0.5712989258242381,682.9122176626697,22,27,6
2024-05-03 11:29:01.651000+00:00,0.9138864924502942,-0.36193207144544565,368.22124181548133,11,3,5
2024-03-01 22:40:05.724000+00:00,1.580415254624535,-0.8118973419755005,263.49411349068396,22,1,3
2024-03-21 06:11:16.629000+00:00,0.6100048389397359,1.638832445494616,690.756410040427,6,21,3
2023-12-12 03:53:32.887000+00:00,0.771893462965999,0.1811134150723048,21.66738051874563,3,12,12
2023-09-19 20:03:33.395000+00:00,0.6008919933467016,0.4318900974488627,228.83435447560623,20,19,9
2024-04-20 12:23:53.930000+00:00,0.11878656374093989,-0.38991397105210607,304.4682660435792,12,20,4
2023-10-29 08:00:16.406000+00:00,1.1948214678845768,-1.0603847292680737,350.59567245445214,8,29,10
2023-10-29 04:06:11.670000+00:00,1.1774364634502696,0.08893947406376826,934.9592024753802,4,29,10
2023-09-26 12:45:46.171000+00:00,-0.5780373154701,-1.5386122000875866,416.0885515077971,12,26,9
2023-09-30 01:27:54.524000+00:00,0.9697961117666065,-1.3899431670514373,697.2027872530743,1,30,9
2023-12-25 19:06:35.822000+00:00,-0.21161668322954907,-0.9357569291502377,555.8674429198727,19,25,12
2024-01-07 13:18:28.553000+00:00,1.0260676931843153,1.3991603509168304,613.614301689202,13,7,1
2023-09-30 20:28:25.461000+00:00,1.194475944266774,-0.7762359977278364,871.2864952783566,20,30,9
2023-12-18 16:12:34.334000+00:00,0.9195945288706896,-1.4564135914008651,901.0196102503688,16,18,12
2024-08-02 03:17:59.406000+00:00,-0.4690769060438716,0.5249536890155627,183.87513917987235,3,2,8
2023-12-25 03:40:52.531000+00:00,1.0645823424313379,-0.45078864745345276,447.8169630903285,3,25,12
2024-03-16 04:50:40.397000+00:00,-0.9358455326113899,-0.538670159874982,182.19946987787264,4,16,3
2024-05-07 13:12:52.174000+00:00,-1.287616967143952,0.5622252291547403,624.3674616357312,13,7,5
2023-11-06 08:25:39.056000+00:00,-1.644791519099154,0.5831830944671627,843.8271095245145,8,6,11
2024-01-06 05:24:23.946000+00:00,0.027332473192372732,0.25776793974601864,266.9645500832703,5,6,1
2024-05-04 08:39:37.531000+00:00,-0.7190797254522059,0.5274195914689146,841.8680530488491,8,4,5
2024-08-09 06:08:00.043000+00:00,-0.6397456122225601,-1.704307729437029,606.8746244492941,6,9,8
2024-07-11 19:46:21.980000+00:00,-0.708576581019078,0.22938369033306913,250.09133300208487,19,11,7
2024-01-15 10:57:30.185000+00:00,-0.2569865511753393,-0.9029567248238295,435.74878442659974,10,15,1
2023-08-19 11:49:01.750000+00:00,-1.6305055163788313,-0.08630289398872841,609.9959689402021,11,19,8
2023-12-09 19:36:43.960000+00:00,-1.5890381475694029,-1.4703957429541312,302.80659098899923,19,9,12
2024-07-22 15:39:03.701000+00:00,1.59203962810158,0.6629107307840516,765.8690303678159,15,22,7
2023-09-06 03:01:42.348000+00:00,-1.118711975615894,-0.7571981145779964,5.699240371817723,3,6,9
2023-09-09 23:57:24.250000+00:00,1.0719921642551709,-0.45524109472106367,416.6914983040187,23,9,9
2024-02-02 00:06:56.508000+00:00,-1.452908305610373,-0.13156645215408425,470.29268949478865,0,2,2
2024-02-14 04:05:59.463000+00:00,0.994876903450918,-0.10886688659077927,781.3630710444413,4,14,2
2024-02-02 21:14:41.373000+00:00,-0.6203542423329361,1.6976831995427104,188.41060138400644,21,2,2
2024-02-27 16:29:39.234000+00:00,-1.1856517602804986,-1.6660340812842331,129.73286407021806,16,27,2
2023-11-27 01:29:10.443000+00:00,0.3855027048816499,1.348192213357403,570.7276392045897,1,27,11
2024-04-02 19:15:51.800000+00:00,-0.7693251693534914,0.7852462261894428,317.82986741536297,19,2,4
2024-01-09 21:35:34.962000+00:00,-1.4639267393608737,-0.9497709546666538,647.8979498080444,21,9,1
2024-08-12 07:54:07.895000+00:00,0.9138506432487153,0.17690317874014366,487.84132782695815,7,12,8
2023-11-11 05:22:36.395000+00:00,1.0500618893612876,0.08133726383040361,235.85672970185988,5,11,11
2024-07-29 16:45:14.394000+00:00,0.9285888796116988,-1.640719985048058,233.9520071449224,16,29,7
2024-08-07 08:50:09.587000+00:00,-0.4086762202106723,-1.4196572158457528,695.8369456811342,8,7,8
2024-07-07 04:59:54.063000+00:00,1.248719988245082,-1.305593240858788,180.98285189806484,4,7,7
2024-07-23 14:59:42.999000+00:00,-1.3747812851039505,-0.97571744481953,940.3357365105768,14,23,7
2024-03-07 16:54:29.209000+00:00,1.1315837901962584,-1.0072793965553692,103.40460729599,16,7,3
2024-02-14 00:22:24.116000+00:00,0.44977810568279736,0.019122533709167545,258.07097685546614,0,14,2
2024-08-15 23:48:21.947000+00:00,-0.6182835421323267,1.2852690373238718,595.5640738490038,23,15,8
2024-02-11 16:58:02.638000+00:00,0.9843801371494244,-0.8936740398951337,451.5315938924905,16,11,2
2024-08-12 01:43:41.690000+00:00,-0.3723629696333906,-0.002323214628093695,139.36927097756416,1,12,8
2024-05-13 00:08:56.447000+00:00,-1.261413768324399,-0.8722338008183889,876.452076587826,0,13,5
2023-10-05 01:17:33.725000+00:00,-1.5056920212429068,-0.6535086553561119,891.4707347846124,1,5,10
2023-12-26 13:29:55.946000+00:00,-1.1615330089305493,-1.0429857390526234,564.1542907999828,13,26,12
2024-05-22 15:57:47.358000+00:00,-1.2401602337059,0.3271261651344438,749.4271084791981,15,22,5
2024-08-05 18:50:03.017000+00:00,0.7018567674059663,-0.0434930982508606,175.8679401613772,18,5,8
2023-11-23 05:17:36.241000+00:00,-0.5141518832496836,1.6213395785844154,278.79126290977,5,23,11
2023-11-06 16:42:35.178000+00:00,0.19092097575797637,0.8467377732889214,183.6131207672879,16,6,11
2024-02-10 03:58:03.183000+00:00,-0.05703556320852014,0.063135636726684,582.5914783636108,3,10,2
2024-03-10 05:02:06.839000+00:00,-1.0167720112181768,1.161533029261838,699.5717822553124,5,10,3
2024-05-12 02:54:51.378000+00:00,-1.1696644739218807,-1.5000885854807775,446.6565223669168,2,12,5
2024-02-07 18:23:19.111000+00:00,0.06616949362723308,1.4643762084754364,213.8021504799835,18,7,2
2023-09-22 17:08:40.776000+00:00,-0.027539580350881845,0.184033549720893,490.64383467892185,17,22,9
2024-05-31 22:20:55.936000+00:00,1.4093197600102199,-1.3151439508243545,983.4199957218952,22,31,5
2024-06-20 01:37:57.553000+00:00,-1.000043841621191,0.11906868348168541,865.5011261606123,1,20,6
2023-10-06 05:05:55.717000+00:00,0.4239687103073629,0.25292926602976806,695.7843890422955,5,6,10
2023-09-16 05:12:07.876000+00:00,-1.2024092937058928,0.899057764325801,646.8799422162119,5,16,9
2024-04-13 14:32:45.040000+00:00,-0.6765534717220683,-1.325545655569696,973.9985461768229,14,13,4
2024-05-13 17:23:18.980000+00:00,0.5757849697564987,-1.1095481243619023,211.8252158386167,17,13,5
2023-10-28 15:58:35.860000+00:00,-1.1271138215681646,0.6387774402664415,841.688862252282,15,28,10
2023-11-10 07:42:55.470000+00:00,-1.3246382427792518,0.5748367937957672,959.7307609377896,7,10,11
2024-05-13 00:18:35.848000+00:00,1.0932967051399074,-0.30023949562013585,689.6198561820202,0,13,5
2023-10-03 10:31:34.941000+00:00,-1.109968181807395,-0.1884665032530273,528.5934187825769,10,3,10
2024-02-08 08:12:14.542000+00:00,0.5572361199009496,-0.6475862685169382,823.4414058877155,8,8,2
2024-02-02 12:06:51.448000+00:00,0.4262604165264748,0.7550938257407813,898.5596611297224,12,2,2
2023-12-17 13:39:37.039000+00:00,-1.207918743851053,-1.1640295865433061,426.09394553815946,13,17,12
2024-06-30 10:39:22.805000+00:00,0.38910813087364016,-0.6800002537035726,424.73444690858014,10,30,6
2024-08-04 22:56:15.261000+00:00,-0.9208286216811014,1.5691898386400653,905.1734675979242,22,4,8
2024-05-09 19:25:41.530000+00:00,-1.5135799062638362,1.0775038282758647,756.8321573489811,19,9,5
2024-06-17 19:37:40.260000+00:00,0.7560739383775226,-1.2843963667061715,4.658808722626418,19,17,6
2024-05-02 04:38:52.137000+00:00,0.5338006834370369,1.4364930516438652,638.1606794176623,4,2,5
2024-04-30 07:40:00.664000+00:00,1.4862556785240315,-1.0925822948819857,931.230237135198,7,30,4
2023-09-05 23:57:58.476000+00:00,-1.585402996102365,-1.142356155671338,217.60140013392083,23,5,9
2024-02-22 17:09:16.592000+00:00,0.8427173975053498,-0.6867118437359293,953.2749609551392,17,22,2
2023-12-19 05:30:55.283000+00:00,0.6582126803529511,0.7227907761413518,510.7739668167196,5,19,12
2024-02-12 08:00:39.481000+00:00,0.8604565784621094,1.4276291663417735,842.5759098322596,8,12,2
2023-12-07 01:17:02.323000+00:00,0.11778822566923208,-1.6632471637058674,958.3130854084156,1,7,12
2023-12-11 00:08:00.677000+00:00,-0.7791692448810991,-0.4537019450642628,258.14998381980695,0,11,12
2024-02-16 21:36:41.154000+00:00,-0.2802349129992423,-1.691757902784246,326.5153807364404,21,16,2
2023-11-30 18:09:18.384000+00:00,-0.6393166914807754,-0.13012103463891272,381.1388649011497,18,30,11
2023-10-25 16:42:42.087000+00:00,0.9116008629906176,1.7401974783515692,804.1269966061227,16,25,10
2024-02-14 02:02:35.849000+00:00,-0.12164942847294383,-0.9588666593214163,958.1488336715848,2,14,2
2023-11-13 04:57:40.255000+00:00,1.17817871969341,-0.17002738349269045,749.052045901306,4,13,11
2024-06-07 08:50:09.747000+00:00,1.0943704136588939,0.15817627807905263,23.675084827002134,8,7,6
2023-10-09 08:10:11.309000+00:00,-0.5145918530007983,-0.3166854544185973,994.7727451478132,8,9,10
2024-07-30 11:38:55.265000+00:00,0.9057293395886001,-0.3495088814475011,293.16319568036124,11,30,7
2023-10-18 16:02:19.739000+00:00,-1.5534932990348103,0.5994349013702843,601.0139164347202,16,18,10
2024-06-21 05:54:08.222000+00:00,-0.9532017149044621,-0.31164871531549315,695.0731535430532,5,21,6
2023-11-05 11:19:43.044000+00:00,1.2838927070847825,1.5356228076187461,882.5125119250733,11,5,11
2024-06-27 04:27:04.188000+00:00,0.384474097299366,-1.3203158056785609,441.189393576933,4,27,6
2023-10-30 11:34:50.667000+00:00,0.4539206920031897,-0.427163027496316,31.56761777563952,11,30,10
2023-12-04 06:04:33.822000+00:00,0.457116925782063,0.20493410378137392,401.1528228048701,6,4,12
2024-04-23 15:07:20.444000+00:00,1.334170608380532,-0.5748475522673602,122.76006846339442,15,23,4
2024-07-20 11:20:36.575000+00:00,-1.0091382228832246,-1.4315740516911393,934.373072733637,11,20,7
2023-10-15 06:20:36.467000+00:00,-0.5822370349144007,1.134156685417169,900.0156597073656,6,15,10
2023-12-20 21:58:24.900000+00:00,-1.2399095883186924,-0.21834079324230127,8.351981678744778,21,20,12
2024-02-01 04:58:13.886000+00:00,0.5150542383119779,0.6660204216756709,447.1423808196559,4,1,2
2024-06-05 17:29:20.063000+00:00,-1.0575240523689466,0.34605399382143925,759.5499462625012,17,5,6
2023-10-01 22:25:36.876000+00:00,0.9202481996913117,-0.22411893799344967,491.63535170583054,22,1,10
2024-05-31 20:00:50.014000+00:00,0.5055123177685271,-1.5711788041343904,404.5002993547823,20,31,5
2024-06-23 19:42:18.474000+00:00,0.8839476333610851,-1.5114716621757593,872.2126074284315,19,23,6
2023-10-19 03:02:01.780000+00:00,-1.4522870553933234,1.68616275434181,763.6082875507418,3,19,10
2023-09-02 05:44:30.192000+00:00,0.6315582169784848,-0.9937822215346971,476.25367414811626,5,2,9
2024-06-19 21:18:06.522000+00:00,-1.223643070832682,1.0026188920481096,866.7309591851663,21,19,6
2024-04-12 10:16:51.438000+00:00,1.2939085420651848,1.130767283424582,128.7190520777367,10,12,4
2024-05-13 15:50:44.139000+00:00,1.1807387050959162,0.20154588582502428,915.3078710748814,15,13,5
2024-05-20 17:17:29.745000+00:00,-1.423788650523223,-0.6060709191772309,282.53501798189245,17,20,5
2024-06-10 05:03:54.515000+00:00,-0.01416249269987049,-0.7892231901501973,444.6477155450266,5,10,6
2024-06-26 22:15:51.585000+00:00,-1.352903405136776,-0.10714193338741611,602.9748504399322,22,26,6
2024-01-10 00:41:56.318000+00:00,1.175969325658363,1.6027350421401354,739.8671699636616,0,10,1
2023-12-28 11:35:33.984000+00:00,-1.49520903273902,0.47871520613217655,932.8682846713344,11,28,12
2024-07-02 01:10:32.224000+00:00,0.5828658864866576,1.3686851300533367,554.6589947056491,1,2,7
2024-07-14 07:54:51.436000+00:00,0.3451755186877224,-0.5650378753857663,41.823566402774304,7,14,7
2023-09-08 07:39:37+00:00,1.2313502653382378,-0.9067039323348821,743.1817260147072,7,8,9
2024-08-15 07:48:02.008000+00:00,-0.40170776462627467,-0.8107873819038903,57.595114645548165,7,15,8
2024-03-12 05:39:41.596000+00:00,1.2884434938297817,-0.3970314540664054,562.4292426104657,5,12,3
2024-03-12 04:24:18.044000+00:00,0.9998213089027913,-1.4140689448672434,793.3182087992318,4,12,3
2024-04-10 09:34:11.761000+00:00,1.0365256936275695,1.0717233950376677,765.508502594661,9,10,4
2024-08-02 21:53:21.061000+00:00,-0.019372925262885258,-1.1203799534151435,415.71748309955,21,2,8
2024-05-02 11:21:09.519000+00:00,-0.8552755491360273,-1.5241170449382027,988.1561300610192,11,2,5
2024-07-31 06:09:36.544000+00:00,1.013317942685993,-0.5875398790618522,749.2590726085473,6,31,7
2023-11-03 02:55:15.128000+00:00,-1.5853711164031816,-1.4184928964918322,450.14969167415984,2,3,11
2024-06-13 03:18:47.603000+00:00,-1.096631624411862,1.197062816363881,859.3453887540381,3,13,6
2024-07-24 07:20:17.566000+00:00,0.2419533298689079,-0.7267203632227912,363.54853689996526,7,24,7
2023-10-29 08:42:13.586000+00:00,0.8709375372046649,1.4771866570962708,603.5404078355059,8,29,10
2024-05-18 15:00:33.076000+00:00,0.6177290381516702,-1.3223572425102277,880.5323553388007,15,18,5
2024-03-20 23:53:10.150000+00:00,1.1129948398341591,0.9260769149725272,640.7783449743874,23,20,3
2024-01-08 19:36:54.712000+00:00,-0.5546822412729839,1.6652377618708452,799.4802621668205,19,8,1
2024-08-05 01:45:45.599000+00:00,1.3572382337740285,0.37847064593194396,471.3641348059755,1,5,8
2023-11-22 13:17:17.470000+00:00,1.489004427033648,0.24021944262297826,624.070074864896,13,22,11
2023-10-20 12:23:38.754000+00:00,-0.5443576070299131,-1.1294202227601509,394.1726910630241,12,20,10
2024-04-03 06:33:03.642000+00:00,-1.6709585837834122,0.8304118155073738,101.08529425621964,6,3,4
2023-12-12 01:17:15.339000+00:00,-1.2759509792542962,-0.2471090528934024,74.1836571241729,1,12,12
2023-12-07 13:03:35.098000+00:00,0.37825947221612877,-1.387374125134253,877.9101015576161,13,7,12
2024-02-29 04:44:16.382000+00:00,1.5814680040769393,0.8864920806829168,475.388123258017,4,29,2
2024-06-14 08:02:17.120000+00:00,-0.45825257321093965,-1.296035032809149,152.26302999281324,8,14,6
2023-09-08 09:01:40.663000+00:00,-0.9610707622059778,1.455238345471441,994.57018873794,9,8,9
2024-07-07 02:55:28.103000+00:00,-1.3517297451580434,1.5753433707920776,500.7379480279051,2,7,7
2024-07-30 04:58:00.391000+00:00,0.995955305548363,-0.6908607473158426,782.1328172213398,4,30,7
2023-12-28 11:42:17.890000+00:00,-0.08935259259219082,-1.3026941427497665,5.506715440424159,11,28,12
2023-11-16 18:43:14.192000+00:00,1.1174436907596068,0.3686107863787172,339.4030124275014,18,16,11
2023-09-11 16:08:14.511000+00:00,1.1454809163208315,1.5421011896139554,996.1338286988904,16,11,9
2023-10-26 08:14:25.251000+00:00,1.2035201779776419,-0.6030106971246982,336.9433666144032,8,26,10
2024-06-08 01:05:56.764000+00:00,-1.4477394130954,1.6460097410171057,344.3436372273136,1,8,6
2024-05-24 18:27:16.052000+00:00,0.7243961648299315,-0.8975615183438688,994.1887627490796,18,24,5
2024-07-03 12:22:59.166000+00:00,-1.380170039988639,-0.3953266148613431,33.80434579891153,12,3,7
2024-02-27 15:12:46.008000+00:00,1.2546682605786452,-0.5069563485889061,901.5219426758122,15,27,2
2023-08-23 17:22:02.244000+00:00,-0.6527892460166518,-0.30927712402835067,182.27216041600332,17,23,8
2024-07-12 05:08:53.350000+00:00,0.4233756176471397,0.9683444131807054,148.29186613229103,5,12,7
2023-11-29 05:45:56.443000+00:00,0.33469689734097696,1.2945516475397185,248.35117804980837,5,29,11
2023-12-11 01:03:56.661000+00:00,0.09309907459426885,0.9738552995137816,630.2366785435006,1,11,12
2023-10-19 02:48:25.392000+00:00,-1.0841399017454507,0.2964504157963684,377.4417091726791,2,19,10
2024-05-14 13:53:48.467000+00:00,1.6068752413446652,-1.5296876958657943,139.74970772792585,13,14,5
2023-10-09 20:00:51.116000+00:00,0.08783272144120655,-1.270175968871029,873.1629311500583,20,9,10
2023-11-02 23:06:29.816000+00:00,1.5214500382359908,-0.7398590968536846,944.7727468058,23,2,11
2023-11-03 23:08:32.847000+00:00,-0.47427603519245354,0.8142811489921131,388.430839833105,23,3,11
2024-06-23 10:34:24.048000+00:00,0.3051985919604425,-0.508686138637145,702.7931833474431,10,23,6
2024-08-08 14:25:11.477000+00:00,-1.478112921346534,-0.013136954238822312,35.72411045641638,14,8,8
2023-11-16 15:51:53.077000+00:00,-0.31296385085974787,0.8493264265168682,161.1345148019027,15,16,11
2023-11-16 13:53:26.563000+00:00,-0.9996548515216261,-0.04540937157016763,970.5830129024108,13,16,11
2024-03-06 01:04:25.927000+00:00,1.1183083409065238,0.8087014285743317,209.5474554677494,1,6,3
2023-11-30 09:05:31.967000+00:00,-1.5099444596868787,-0.3347935117999241,514.2328453913797,9,30,11
2023-10-27 10:40:10.980000+00:00,1.3814508363407407,0.9720908020988042,949.0839258709456,10,27,10
2023-11-22 10:20:08.024000+00:00,-1.06178161648866,1.6815989727477674,43.05448845028877,10,22,11
2023-09-08 10:56:22.450000+00:00,0.4039037532000654,0.1339826309488085,6.035751490388066,10,8,9
2023-10-31 15:20:39.420000+00:00,-0.5355503520641067,1.145490428893127,383.63146796356887,15,31,10
2024-03-05 20:09:28.612000+00:00,-0.08569166714844735,-1.2710901293041408,23.995195706374943,20,5,3
2023-11-16 08:49:57.994000+00:00,-0.09047901932806329,-1.1819860361242134,896.1355255595408,8,16,11
2023-10-11 18:32:34.276000+00:00,-1.563133747152214,-1.585614106170775,807.3140460250434,18,11,10
2023-08-17 20:28:48.574000+00:00,-0.2423840904245631,1.5356676718724656,24.638499153545126,20,17,8
2024-04-24 01:29:17.713000+00:00,0.8428693736345314,1.6523450243557178,914.8372147500048,1,24,4
2024-07-24 07:08:45.244000+00:00,1.1929067814178336,0.06748653461479213,152.65466632787138,7,24,7
2023-08-31 12:00:52.717000+00:00,1.1841595488351235,1.4361859720893795,436.7366640889086,12,31,8
2023-10-22 04:33:39.070000+00:00,-0.9587636852219205,-0.6503167251080677,167.72571229748428,4,22,10
2023-10-18 19:42:00.639000+00:00,0.7519374562140381,0.6735904899541442,149.69645315012897,19,18,10
2023-10-14 16:39:19.364000+00:00,0.783582458470407,-1.5539464105786394,182.1927785039879,16,14,10
2023-08-27 21:16:25.914000+00:00,0.1595744861874709,0.9540667674371237,502.28831572504714,21,27,8
2024-03-22 06:22:29.927000+00:00,-1.4315049224721403,-0.8253038042281572,262.6277594403364,6,22,3
2024-07-09 00:38:29.142000+00:00,-1.1701534968908247,-1.0411785164452765,782.2990506915376,0,9,7
2024-06-15 05:31:02.642000+00:00,-0.7854945134834831,-1.3648953197977771,43.667514640139416,5,15,6
2024-01-02 05:10:09.783000+00:00,1.6234312867110772,-0.06648673277567711,457.85747311031446,5,2,1
2024-01-21 07:18:04.975000+00:00,-1.607353906772653,0.6783728699749726,658.1906702886336,7,21,1
2023-10-26 17:07:32.234000+00:00,-1.5904803685341056,-0.864687015337529,282.5116095705889,17,26,10
2023-12-11 06:10:03.462000+00:00,0.36052547329562595,-0.11789611792444506,442.839193117572,6,11,12
2023-11-18 04:40:48.370000+00:00,-1.5449314393176654,0.6374179563332386,54.06830471660942,4,18,11
2024-01-10 13:27:47.409000+00:00,-0.03591519439726112,0.2105210875874306,478.24990580184385,13,10,1
2024-05-29 00:12:25.249000+00:00,-1.0532120831308165,-0.5368367260511802,226.16280856588855,0,29,5
2023-09-01 06:54:42.707000+00:00,-0.5703178192300433,0.21944091169891097,829.6527406843379,6,1,9
2024-03-05 07:44:08.441000+00:00,1.5981488347550994,0.5991426425711681,160.96800314472057,7,5,3
2024-06-18 22:48:41.968000+00:00,0.41088562650100036,-0.41815662499849626,638.006240052171,22,18,6
2023-10-27 18:59:37.963000+00:00,-1.1227224450608562,-0.15751358386294606,544.2662213454023,18,27,10
2023-10-20 23:07:20.889000+00:00,0.5974901783264316,-1.4569349725812237,579.73603713396,23,20,10
2024-05-10 19:39:17.066000+00:00,0.051990986847841376,-0.43569921249760113,236.466082009254,19,10,5
2024-02-16 04:31:57.317000+00:00,0.9437277343444276,-0.865305923584988,157.54262330709025,4,16,2
2024-03-06 19:00:04.279000+00:00,-0.08955571902003755,-1.3264113939557034,283.6429239306599,19,6,3
2023-08-29 06:30:27.430000+00:00,0.28602911498465017,-1.6689753141916979,705.453523857519,6,29,8
2024-07-08 01:34:19.194000+00:00,0.5919649300157523,-1.5060949024606325,757.0638808268122,1,8,7
2024-04-08 06:13:32.688000+00:00,-1.187951693569257,-0.49565701850086796,805.2247038385831,6,8,4
2023-12-21 20:34:43.429000+00:00,0.08206915817158529,0.9504359852834838,654.3953324647155,20,21,12
2023-10-05 03:56:23.912000+00:00,1.6483949729866203,-1.0295364647133054,286.65880903834477,3,5,10
2024-05-30 01:02:20.069000+00:00,-0.49368400481936775,1.3105146308105848,24.341548968805,1,30,5
2024-06-20 12:28:58.973000+00:00,-0.8816152632995488,-0.4675397343392682,631.2343205686193,12,20,6
2023-11-10 04:01:43.326000+00:00,-0.8848691350986124,-0.7818039890404233,397.2893231222406,4,10,11
2024-07-24 04:37:54.579000+00:00,-0.564812320583225,0.16655517223081814,327.351348673692,4,24,7
2023-11-24 05:28:30.999000+00:00,-1.1753117521413425,1.657024882917911,613.2954752149526,5,24,11
2024-01-22 18:44:11.685000+00:00,-1.5185061393634889,0.8190288817413205,588.0578995910473,18,22,1
2023-09-09 02:09:42.023000+00:00,-1.4766191093752488,-1.6229057538114837,494.05399424606,2,9,9
2023-10-30 13:38:40.525000+00:00,1.2085846344579871,-0.5617286134809671,1.891253646230325,13,30,10
2024-05-03 18:52:09.544000+00:00,-1.2023056929027887,-1.1274088870856636,811.0740399134811,18,3,5
2023-12-19 05:53:02.435000+00:00,-1.4274486695020139,-0.5646236243098915,3.4889964007306844,5,19,12
2024-06-07 07:08:52.241000+00:00,-0.9651957609144943,0.7676096872827385,272.40081849321723,7,7,6
2024-04-18 16:28:25.619000+00:00,0.21380988274062332,1.5349739119075732,322.7793423293624,16,18,4
2024-03-13 11:14:45.476000+00:00,1.3733026870713465,-0.7577445757248248,88.4435438066721,11,13,3
2024-07-23 11:30:03.448000+00:00,1.6483893713776392,-0.38644830348262854,717.4094219745602,11,23,7
2023-10-04 18:42:14.099000+00:00,-0.2413717733795209,1.3549660919792168,11.089066674234346,18,4,10
2024-03-18 21:22:53.710000+00:00,-0.23773686692416704,-0.9445763416289699,30.205576851963997,21,18,3
2024-07-30 00:27:21.828000+00:00,0.32967932889533624,0.19045575902301184,413.727053598268,0,30,7
2023-09-01 05:41:29.611000+00:00,-1.4157231609944039,1.505199688410169,332.51681135827675,5,1,9
2023-12-07 22:34:23.528000+00:00,-1.1968563308946591,-0.7147203240628088,736.4353476318065,22,7,12
2024-01-18 15:54:40.541000+00:00,-0.5821452408564418,0.3012437217592647,985.092626133468,15,18,1
2024-06-30 07:49:29.039000+00:00,0.8227113989764246,0.3000102158708947,366.28016747673973,7,30,6
2023-10-13 11:33:57.126000+00:00,-0.6641951677024308,-1.1498255167140516,279.73745220527053,11,13,10
2024-07-10 03:28:00.640000+00:00,0.5935840807277325,-0.5932249039918943,818.0606034500524,3,10,7
2024-03-30 19:42:08.593000+00:00,0.14744729550539148,0.8314759230042076,823.631169417873,19,30,3
2024-07-27 13:38:59.033000+00:00,-0.44674430317794933,1.068255980649297,686.4372663609684,13,27,7
2024-02-03 04:53:59.848000+00:00,0.6201529293485015,-0.36542569623817517,280.51247346797027,4,3,2
2024-04-09 00:28:34.319000+00:00,1.6578948767660042,-1.2599917174968527,53.5073041447904,0,9,4
2024-06-23 08:42:58.014000+00:00,-0.1937839446003764,0.14177280652877852,931.4243209371344,8,23,6
2024-06-23 02:03:28.850000+00:00,-0.7009478400813741,0.5539916035805772,714.2146340264007,2,23,6
2023-10-19 06:32:15.344000+00:00,-1.6486203143373597,-0.6505426843746709,321.7871363477316,6,19,10
2024-08-03 22:06:32.595000+00:00,-1.3515743349513607,-0.672495669613043,255.24399513122623,22,3,8
2024-01-20 21:26:36.369000+00:00,0.9579993995759165,0.12345423757447253,229.14545498089865,21,20,1
2023-10-16 00:52:58.964000+00:00,0.41219101744219117,-0.9237582161433245,81.81256278115325,0,16,10
2024-03-28 01:00:20.589000+00:00,-0.7751423220796292,0.739237604694827,960.5555111477152,1,28,3
2024-02-04 01:44:17.703000+00:00,0.12785376201338844,1.2793539008794346,527.6213799617253,1,4,2
2024-05-19 15:52:39.408000+00:00,0.3695725962656815,1.1509809080611795,736.3250181155745,15,19,5
2024-05-04 00:18:12.424000+00:00,-0.3304682887052149,1.26277150261309,81.38076471211389,0,4,5
2024-05-31 00:42:00.119000+00:00,0.32067640431095545,0.07057457421003306,363.65378717775457,0,31,5
2024-02-16 20:15:37.702000+00:00,-1.1331933504965166,0.648706989853752,710.8788352822885,20,16,2
2023-11-23 00:45:19.208000+00:00,0.03536056595380027,1.7277880907403786,542.6621784465387,0,23,11
2024-03-05 16:34:34.418000+00:00,1.4065244412765816,-1.3175934668008928,936.5150022618471,16,5,3
2024-01-14 17:35:24.149000+00:00,0.23805561746241166,0.7205785221861143,736.2586119051557,17,14,1
2024-08-06 09:26:01.462000+00:00,0.9571503949514563,0.8194801481612907,697.4758831365034,9,6,8
2023-11-08 10:10:24.982000+00:00,-0.725202419490121,1.5744497060424736,277.46834563603625,10,8,11
2024-07-03 16:36:50.062000+00:00,0.4883574113997199,-0.008756884231569987,671.624414895894,16,3,7
2024-07-06 00:37:10.447000+00:00,-0.7757512622208219,-1.1333881247182418,30.884298665914685,0,6,7
2023-12-18 09:10:58.439000+00:00,-1.3320361365262747,0.9910746646104427,729.4282340784557,9,18,12
2024-05-20 15:19:03.702000+00:00,-0.24117511275522116,-0.29536214257470766,23.98827592143789,15,20,5
2024-03-11 09:38:14.542000+00:00,-0.7481409667792972,-0.2224430053520794,714.0813594337087,9,11,3
2023-11-28 05:19:28.163000+00:00,-0.4474765006347,0.8909364094249702,541.8271197341383,5,28,11
2023-08-18 09:32:07.513000+00:00,-1.1205371334042746,1.2398677703842962,720.6488103207666,9,18,8
2024-01-21 20:38:53.832000+00:00,1.0171189420140112,0.27940364062924905,997.3719682565423,20,21,1
2023-10-26 08:58:42.527000+00:00,1.072578813029825,0.7763526011129748,593.1085894433782,8,26,10
2023-10-04 14:07:12.003000+00:00,-1.3804672900424053,0.9694712721618215,524.8217405756004,14,4,10
2024-06-29 09:20:09.353000+00:00,-0.8167855153440093,-1.2975428193112999,832.9295179659966,9,29,6
2024-06-02 20:23:02.348000+00:00,-1.2239040904686072,1.1426479233309235,554.2669422531035,20,2,6
2024-02-14 11:30:30.745000+00:00,-0.7659952492153972,-0.18285687901743916,935.1290709841996,11,14,2
2023-11-26 17:30:13.831000+00:00,0.3952780800723935,-0.5670904038271228,620.818789373152,17,26,11
2024-06-03 11:12:51.402000+00:00,0.41035191668858323,0.8824405246968473,562.6181213385426,11,3,6
2023-09-03 18:36:24.974000+00:00,0.24976256300811936,-0.3660459306387035,401.37626789393835,18,3,9
2024-02-29 20:48:11.856000+00:00,0.8642152173834755,0.44563031986405477,283.42917258804664,20,29,2
2024-07-08 09:37:31.197000+00:00,-0.5621307358036491,1.1692943518764642,208.6315199371893,9,8,7
2024-07-26 07:01:12.628000+00:00,-1.2015905374568154,0.8144564107181024,788.1177099060733,7,26,7
2024-03-21 13:04:04.958000+00:00,-0.9388342078341255,0.21158068064157404,465.89671387313865,13,21,3
2023-11-03 00:56:07.880000+00:00,-0.9348963847448749,-1.5755129695927106,799.5433557191864,0,3,11
2024-06-17 09:57:32.447000+00:00,-0.5117167042941179,0.4148667528808622,608.958622003207,9,17,6
2023-09-06 08:14:23.915000+00:00,-0.2855575609135497,1.6032803566071512,163.43387071671896,8,6,9
2024-08-12 11:47:12.909000+00:00,1.012436678711657,-0.03902363269560425,53.219638334354386,11,12,8
2024-07-25 18:49:23.022000+00:00,1.374532696606269,0.9422841321104394,73.83554798085243,18,25,7
2023-10-07 08:23:56.356000+00:00,0.24642101459984478,-1.0014138483281574,20.98069595126435,8,7,10
2024-04-24 17:36:44.542000+00:00,1.028677609306561,-0.29517795591164936,84.7591483942233,17,24,4
2024-02-05 12:13:20.296000+00:00,0.010502133723140718,1.3615276967793308,793.1682222862728,12,5,2
2024-03-24 06:51:01.533000+00:00,-1.4583443884548986,1.333224604198592,53.01587962638587,6,24,3
2024-06-02 05:38:23.877000+00:00,-0.6371869998248265,-0.7822145710657359,870.181997817941,5,2,6
2024-03-01 22:12:37.192000+00:00,0.29799750678407155,1.3594316278010354,138.35419039661065,22,1,3
2024-07-25 11:00:43.424000+00:00,-0.8489246333680969,-0.806179845379516,660.2287518712692,11,25,7
2024-01-09 23:28:28.258000+00:00,-1.1636957153238345,1.7286461312666512,623.2796514402144,23,9,1
2023-09-17 08:42:57.191000+00:00,-1.3419263259142884,-0.5923180995260229,930.9977065429556,8,17,9
2023-11-18 04:37:23.704000+00:00,-0.903540219169812,1.274338696130858,401.1209752797149,4,18,11
2023-09-10 12:18:59.462000+00:00,-0.45124504648217895,-0.41870358639657435,60.110469728242606,12,10,9
2024-04-12 01:41:21.907000+00:00,0.48109852929781727,0.4467914671702783,3.4650716222822666,1,12,4
2024-03-16 00:19:07.889000+00:00,0.9201736347297291,-1.316779988428559,688.6528268202674,0,16,3
2024-04-24 17:47:29.056000+00:00,-0.1379952232858338,1.0631141839111724,845.4231601299252,17,24,4
2023-12-08 17:39:54.951000+00:00,-1.0991549394713944,1.5863630555589394,134.12762599647976,17,8,12
2023-11-03 14:14:12.351000+00:00,0.7381972455915742,-0.4237518223453645,639.6004440635443,14,3,11
2023-09-14 00:12:00.958000+00:00,1.2093010133968107,1.5890617997940595,495.06728940620087,0,14,9
2024-02-25 19:12:49.135000+00:00,-0.9904811804081541,0.9585990356387218,563.6976775680669,19,25,2
2024-07-22 07:33:33.639000+00:00,1.285825569034886,-0.8927507563734839,652.0761757306755,7,22,7
2023-10-29 18:26:39.212000+00:00,-1.2567721401707046,0.18110572695772492,561.8686411764938,18,29,10
2024-05-07 00:56:25.830000+00:00,-0.38589338293480807,-1.6749559981675812,38.736281209625304,0,7,5
2023-12-31 06:36:19.437000+00:00,0.5936100143925644,-1.2317480459939432,280.2214759264607,6,31,12
2023-08-20 21:40:13.677000+00:00,-0.1011871156435019,-1.1551061494159003,272.2595185781829,21,20,8
2023-11-28 09:19:13.637000+00:00,-0.10780867538810927,0.429756880754794,345.32118001021445,9,28,11
2023-12-11 04:49:44.910000+00:00,-0.3553993727710808,-1.2932181464452819,53.89092585700564,4,11,12
2024-07-08 23:20:37.205000+00:00,1.2830544007820024,0.7942608998869031,109.99353673029692,23,8,7
2024-07-04 10:12:41.425000+00:00,0.45419031601109894,-0.1751138334395442,309.13055453123525,10,4,7
2024-06-11 14:30:31.447000+00:00,-1.300162275352955,-1.5309608726527832,33.878750815521926,14,11,6
2023-10-24 02:35:32.132000+00:00,-0.5947461009637885,1.2502168610420281,37.50619372306392,2,24,10
2024-02-23 21:49:10.760000+00:00,-0.05040945861459129,-0.987864697527477,864.1795128302183,21,23,2
2024-04-21 23:54:33.849000+00:00,-1.2586279713866866,1.2734278831582193,614.9914333263878,23,21,4
2024-05-06 03:16:33.348000+00:00,-0.23431777192649997,1.1214464275389202,678.3873147014529,3,6,5
2024-05-22 22:16:44.262000+00:00,1.1628319541513237,0.24961794221275613,886.8546741819009,22,22,5
2024-01-21 22:55:46.912000+00:00,0.6677524756353088,-1.6834420597802549,333.33363835630007,22,21,1
2024-05-22 11:53:01.055000+00:00,-0.5022229821673496,1.07928097571311,455.2003010476474,11,22,5
2024-05-24 03:56:51.564000+00:00,-0.25098768118927384,-0.4091730237252523,941.7375632901676,3,24,5
2024-03-24 16:32:31.407000+00:00,0.250957958576088,-1.5467922971538361,282.4608171861619,16,24,3
2024-08-01 22:27:56.588000+00:00,-0.8449474072336713,-0.4572700707488737,493.8579438296146,22,1,8
2023-10-26 08:54:07.982000+00:00,0.18717299523625866,1.4832959559932988,858.3042928054929,8,26,10
2023-12-30 22:23:41.845000+00:00,0.8709250635267568,-0.8518918138225607,728.3074984995183,22,30,12
2023-11-05 22:14:58.647000+00:00,-0.8986681680948703,-0.5920977356021317,368.4397725779563,22,5,11
2024-01-06 09:40:53.955000+00:00,-1.557825241813292,-0.14085123066674396,923.761459255824,9,6,1
2024-04-25 18:38:12.350000+00:00,1.249886896703767,-0.7952968713206632,981.5060701998882,18,25,4
2024-08-05 14:44:01.122000+00:00,1.082623659585416,-0.11184502277306596,891.1805013269186,14,5,8
2024-01-28 11:26:56.218000+00:00,-1.2015527399035384,0.01215806098539869,846.5548494376708,11,28,1
2024-01-21 04:01:04.114000+00:00,-1.5189592387662856,-0.19576319640496553,82.98408260359429,4,21,1
2024-06-10 18:16:02.668000+00:00,-0.8612545082045359,0.09075635899151982,788.8662159484811,18,10,6
2024-02-23 21:23:51.014000+00:00,-0.17060087330216914,1.6744982465261415,656.6585108134896,21,23,2
2023-11-02 06:20:20.666000+00:00,-0.5923210089748701,-0.08332808740079868,204.6769777489826,6,2,11
2023-11-30 02:54:53.817000+00:00,1.5544507919022186,0.768844053180968,126.44675287092105,2,30,11
2024-05-27 15:31:10.486000+00:00,-0.5978065434747559,-1.1253480955656283,914.5476772249676,15,27,5
2024-05-26 18:01:24.888000+00:00,-1.1403577042726891,-1.0071572134360072,62.546976478304714,18,26,5
2024-05-14 07:26:48.589000+00:00,1.626240661130974,0.14104210512054366,44.83395406114869,7,14,5
2023-09-20 09:46:27.318000+00:00,1.1513077231335485,-1.0818878944297805,585.4544983278029,9,20,9
2023-09-15 11:54:06.808000+00:00,-0.30106266819189315,-1.303728171828114,632.1148854149505,11,15,9
2024-04-09 20:49:39.729000+00:00,-1.0387914265290958,-0.7117987917966868,850.7263998030685,20,9,4
2024-02-06 04:47:33.783000+00:00,0.28574005051292867,-1.5881480362973206,548.3838125071488,4,6,2
2023-09-30 15:39:55.842000+00:00,0.8622520248655711,-0.1243637964919412,507.7740016337484,15,30,9
2023-12-21 08:03:33.620000+00:00,-0.4841366486173418,1.013614507096155,849.0665257533547,8,21,12
2023-10-05 09:41:12.581000+00:00,1.608842701606025,0.13178287352965998,84.4902778826654,9,5,10
2023-10-24 22:12:00.317000+00:00,-1.5967858311121137,0.9117270811869977,684.3665324647445,22,24,10
2023-10-07 22:22:41.505000+00:00,-0.4270079998903623,1.7001303750580443,234.2584770929534,22,7,10
2024-08-05 21:56:21.827000+00:00,-1.3324079765907415,-1.7163147972894892,334.35892649227753,21,5,8
2024-06-19 10:19:52.374000+00:00,-0.977598480151233,-0.7472541056181186,135.9197212033905,10,19,6
2024-04-08 15:59:15.088000+00:00,1.4564555516257214,0.7190258316375305,834.0452175696846,15,8,4
2024-02-26 07:50:54.695000+00:00,1.0333909601297462,-0.4397793485846963,393.57089725416154,7,26,2
2024-01-31 18:42:59.806000+00:00,-0.6172057005088939,0.7279363767380054,106.72134511452168,18,31,1
2024-03-01 13:07:33.519000+00:00,-0.7406130931597112,-1.6430594928512343,957.7029176130892,13,1,3
2024-04-03 22:36:33.124000+00:00,1.5696663337264831,0.7627927217095992,108.86901841312648,22,3,4
2024-08-02 17:36:00.641000+00:00,-0.17983590692654283,1.0346863955854764,227.91049154638313,17,2,8
2024-06-12 14:23:28.980000+00:00,0.42710967242489845,-0.8243167768406873,512.6994010459166,14,12,6
2024-03-06 01:53:11.574000+00:00,0.9597726602888057,1.4672190112648433,852.7549139398616,1,6,3
2024-03-22 22:10:05.347000+00:00,0.22905265530435406,1.7643872664007438,379.10696623357944,22,22,3
2024-04-13 12:31:44.468000+00:00,1.4384130313312016,-1.205660549956338,299.1961274892092,12,13,4
2024-03-14 20:40:18.066000+00:00,-0.3920507261649998,1.4980000310071397,719.3977929851972,20,14,3
2024-03-11 01:57:47.894000+00:00,1.538000180621224,0.29568559579112874,417.9457350259181,1,11,3
2024-04-18 07:15:50.628000+00:00,0.29655905649439124,0.36693643976119533,377.6342580616474,7,18,4
2023-12-06 18:36:02.965000+00:00,-0.34585885732658495,-0.4151037662220696,452.0320878648199,18,6,12
2024-01-22 17:37:52.326000+00:00,-1.3907730192465582,1.516361812411526,309.7491858631838,17,22,1
2024-08-13 13:23:45.555000+00:00,0.4012519346003537,0.8542072520855819,118.04198883171192,13,13,8
2023-10-03 06:08:43.542000+00:00,1.2783698086944724,1.3099930336126413,165.4781347492244,6,3,10
2023-11-09 10:26:56.593000+00:00,0.7053775524287159,1.4825170859119685,543.9933631769381,10,9,11
2024-02-29 10:08:59.752000+00:00,-1.5678961292752507,1.552673777262659,233.22361243981868,10,29,2
2024-07-11 01:40:26.381000+00:00,-1.4548669861559236,0.3555646844991235,925.8597394784448,1,11,7
2023-12-27 04:14:37.989000+00:00,-0.6474587013679397,-0.9457869212299514,985.2644521854818,4,27,12
2024-07-05 00:26:31.933000+00:00,-0.43288863177786074,1.213420860065683,695.181752996752,0,5,7
2023-12-13 13:19:02.051000+00:00,1.1270906461681591,1.3547215738785063,76.97776579950005,13,13,12
2023-09-01 11:59:45.682000+00:00,-0.9488108456417903,-0.5465220222811363,903.152989250375,11,1,9
2024-08-02 03:32:09.677000+00:00,0.9932365815376386,-1.5626278129954672,192.70562978740784,3,2,8
2023-10-08 14:55:09.577000+00:00,-0.4632507575532832,-0.6239848043608132,906.7238325038924,14,8,10
2024-03-29 05:21:44.829000+00:00,1.4402626433208905,-0.5877915622871996,193.9567831926979,5,29,3
2024-01-17 09:41:47.817000+00:00,1.5915374112925897,-1.0577598118850025,408.2606100414414,9,17,1
2023-10-31 01:54:40.572000+00:00,1.6244670630377787,-0.14875256516036964,128.18704063654877,1,31,10
2024-07-12 16:33:14.490000+00:00,0.561171863913418,1.2052199570951834,742.5871708823834,16,12,7
2023-10-27 12:58:05.549000+00:00,-0.48741805409364036,0.2810291648362473,194.88730423431844,12,27,10
2023-11-25 03:08:35.687000+00:00,-1.3917128997222508,0.7480198467190925,290.8705278830603,3,25,11
2023-09-07 08:17:30.594000+00:00,0.890737326698677,-0.2735814061854798,892.6513254565652,8,7,9
2024-04-23 06:18:20.724000+00:00,-0.9043358370790533,-0.9378949956827209,102.09973984514365,6,23,4
2024-02-26 17:29:58.585000+00:00,1.044590570235786,1.2482534983254554,14.508231730898842,17,26,2
2024-07-05 07:22:05.835000+00:00,1.5113827359290264,-0.13512361778858745,549.1218588585034,7,5,7
2024-07-05 08:04:22.840000+00:00,-0.9676908918025124,0.3038826794732722,725.0008389116265,8,5,7
2024-04-14 21:18:19.757000+00:00,1.0662866178736474,-1.3220266690131206,891.7024294203147,21,14,4
2024-03-11 02:32:02.567000+00:00,-1.624990874803995,-0.8691461688954327,49.48541163164191,2,11,3
2023-11-12 06:18:17.514000+00:00,0.1930736554590541,-0.1951173631085052,590.3162150173448,6,12,11
2024-08-14 20:02:01.228000+00:00,0.7384359550741225,-1.239174309904235,897.4308660365641,20,14,8
2023-12-02 23:51:08.543000+00:00,1.0853605465549419,-0.6774261808505245,592.424763270421,23,2,12
2023-12-06 11:23:42.283000+00:00,-0.029369805888918868,-0.3656459911338906,293.10474012838677,11,6,12
2024-06-14 14:56:25.895000+00:00,-0.22561588529217658,-1.448153050522855,407.80295895808376,14,14,6
2024-02-02 23:27:23.378000+00:00,-1.3927708014650841,0.21219013852573254,542.1161622910295,23,2,2
2024-03-08 03:05:18.317000+00:00,0.5760593781459187,0.6699241517932527,486.3391606768127,3,8,3
2024-03-09 20:20:51.529000+00:00,1.0014526146992118,-1.0636718607397457,921.8957680074964,20,9,3
2024-05-19 18:01:11.676000+00:00,1.5121575740294346,-0.4849021729175447,680.143155817641,18,19,5
2023-11-11 12:41:34.078000+00:00,1.4918131368691363,-0.9940324308054694,750.7566066428553,12,11,11
2024-05-11 14:52:08.722000+00:00,1.2101122596072404,1.0655970616110715,855.7579173154663,14,11,5
2023-12-15 20:02:45.714000+00:00,-1.2257684297740263,0.5248094168799788,267.0253609206993,20,15,12
2024-08-09 17:25:38.799000+00:00,0.6734270041638601,-0.39976664761457975,889.9039861538913,17,9,8
2024-02-10 06:06:05.841000+00:00,0.31242050156438733,1.2095231646348492,625.6067467376124,6,10,2
2023-11-07 08:38:38.228000+00:00,0.9668634455886155,-0.5258802784021193,408.9422500275541,8,7,11
2023-08-23 17:57:46.565000+00:00,1.414555687878504,-0.7059583584560811,60.26736160507426,17,23,8
2023-08-31 16:18:09.537000+00:00,0.9197457402189917,-0.8849376934867423,65.21915784524754,16,31,8
2023-12-09 07:54:20.498000+00:00,-1.4205464140394044,-0.24142026714592932,294.62966790492646,7,9,12
2023-10-12 20:18:34.311000+00:00,-1.2387583989642479,-0.48652597791692015,221.0193186989054,20,12,10
2023-09-28 13:14:09.792000+00:00,-1.0111450462677274,-1.1170313884912968,457.8060710870195,13,28,9
2024-03-07 01:04:03.564000+00:00,1.0592761087342917,-1.2297079937862712,893.6698689537589,1,7,3
2024-08-14 11:24:43.893000+00:00,1.1796883987152882,-1.5982634665803306,160.6690161009319,11,14,8
2024-06-19 18:03:18.321000+00:00,-0.09798482624038658,-1.0480388329607895,719.8313864767551,18,19,6
2024-05-25 20:01:44.751000+00:00,-0.23772786333186713,-0.29928413592338576,942.2693358534016,20,25,5
2023-11-18 17:01:13.572000+00:00,-1.6774304883561644,1.3831036679881819,685.8806239743717,17,18,11
2024-07-01 14:29:07.736000+00:00,-1.6270638850029417,-1.6190938303554778,356.0701485441532,14,1,7
2023-12-04 08:09:23.274000+00:00,-0.21324814323460156,-1.5777158568305545,635.9125987603329,8,4,12
2024-02-26 05:17:09.733000+00:00,-1.3025982433557333,1.226191656466111,672.9616485650185,5,26,2
2024-07-11 07:59:04.596000+00:00,-1.593353495307304,0.7325375041992904,849.6883660047315,7,11,7
2024-03-22 04:45:39.420000+00:00,-0.2708129550295661,-1.4351251777663177,860.6667359925341,4,22,3
2024-01-25 08:48:21.338000+00:00,0.8953826057612994,-0.9006790118556299,685.2131515210494,8,25,1
2023-12-23 18:40:50.257000+00:00,-1.2841860051266998,0.4796219967924128,251.52302952762693,18,23,12
2023-10-18 08:28:32.374000+00:00,-1.4322976307697854,0.6688120632175426,588.5285510313697,8,18,10
2024-03-15 14:02:41.323000+00:00,-1.6700151471157687,0.20463055278481046,702.7405913537368,14,15,3
2024-01-26 05:43:00.221000+00:00,0.5072269846808228,0.07448904023917566,36.74552397802472,5,26,1
2023-09-19 18:56:52.849000+00:00,0.8551179899154253,-1.5069671327435394,122.82807587715796,18,19,9
2024-02-16 08:29:54.865000+00:00,-0.303758669521581,-1.2330405790934929,421.462624658132,8,16,2
2023-11-24 22:25:24.490000+00:00,-1.4844844478417516,-1.2928141009821592,199.114831821993,22,24,11
2023-10-11 21:42:03.574000+00:00,-0.4976588505048118,-0.0663017437615884,845.1278592962772,21,11,10
2023-12-25 13:13:17.783000+00:00,-0.9168804556545304,-0.4817091796355949,290.8905499028042,13,25,12
2024-04-13 23:37:44.790000+00:00,-0.06433366988063272,1.5568452473713508,876.6635566127952,23,13,4
2024-02-05 12:07:54.700000+00:00,1.583987111667457,-0.344128266711786,175.44709791452624,12,5,2
2024-02-28 11:46:25.441000+00:00,0.36827082570480607,-1.2549400277029896,30.93668946251273,11,28,2
2024-06-23 15:06:47.746000+00:00,-1.614888621932554,1.357677035523222,263.5151547540445,15,23,6
2024-08-16 02:47:27.790000+00:00,0.6761967759284234,-1.1944178091667332,52.01252034702338,2,16,8
2024-02-26 17:38:36.206000+00:00,-0.5981379174721088,0.8918840931885834,72.95099012786523,17,26,2
2024-08-16 00:56:27.124000+00:00,0.8149427634121958,-0.4471211065781119,423.2756024966948,0,16,8
2023-11-20 08:30:47.896000+00:00,1.3322600440592463,1.423480713475243,960.9943822836505,8,20,11
2024-05-17 19:40:24.427000+00:00,0.2095407091375679,-1.1136271657433408,214.3151079735253,19,17,5
2023-09-29 15:15:28.855000+00:00,1.366736124230565,1.4306697007465021,599.853747385554,15,29,9
2024-03-12 19:49:00.116000+00:00,0.19916498330470186,0.5210688571882934,698.3236356419511,19,12,3
2023-09-09 01:37:37.925000+00:00,1.557983471342026,-1.602978482410548,270.82143259071745,1,9,9
2024-02-18 00:31:54.032000+00:00,0.06930494337327013,-1.5958748488845813,594.9549334382173,0,18,2
2024-07-02 06:38:10.501000+00:00,-0.4487424486086843,1.1134384331445017,723.4573593661189,6,2,7
2023-12-30 13:48:06.926000+00:00,0.28679282266609574,-0.8457833741232966,295.9801638361532,13,30,12
2024-03-15 08:15:44.821000+00:00,-1.3775091551738325,-1.4131208980966359,103.91983913094737,8,15,3
2023-09-27 02:00:42.978000+00:00,0.29129523486780246,-0.7394033882675846,75.08550606598146,2,27,9
2024-03-14 15:23:14.710000+00:00,1.5495724096627383,-1.1240278107031614,138.521624769317,15,14,3
2023-09-30 10:49:57.892000+00:00,0.2715317673774687,1.5025459083165997,47.55807033297606,10,30,9
2024-07-11 23:29:56.950000+00:00,-1.6538733546670654,-0.9969000626236253,145.65555088291876,23,11,7
2024-04-08 18:43:44.067000+00:00,0.14029832893264785,0.19083077854430344,383.7141225268133,18,8,4
2024-05-27 16:16:11.753000+00:00,0.5911633339779774,-0.739392103379003,322.0685075961519,16,27,5
2023-08-18 19:25:41.511000+00:00,0.2588309033637852,0.09962302897142775,378.2055120102595,19,18,8
2024-02-11 16:11:24.523000+00:00,0.8620220950988318,-0.1545378165652299,949.1888144591358,16,11,2
2024-04-07 01:27:53.056000+00:00,-1.3350360282743161,-0.21133434326674902,648.1346778604202,1,7,4
2023-11-08 13:15:45.998000+00:00,0.2667541882677419,-0.7770920616119961,200.04599925293587,13,8,11
2024-05-08 10:16:28.697000+00:00,-1.2021743149763353,0.267007209200588,936.2808516258374,10,8,5
2023-09-29 22:00:02.082000+00:00,-1.11723253087927,0.6466612935775968,314.54236551374197,22,29,9
2023-12-26 04:33:36.166000+00:00,-0.044223031010212355,1.7474297073083715,532.1135405940004,4,26,12
2024-06-24 09:05:14.271000+00:00,0.8735247838752495,0.1942410351669115,545.7990600061603,9,24,6
2024-07-15 11:03:33.330000+00:00,-0.5801066841535382,-1.609073207429446,81.00259555783123,11,15,7
2024-04-13 21:54:08.987000+00:00,1.2975993565860269,-0.4119936668460695,4.180632743053138,21,13,4
2024-01-30 19:15:52.683000+00:00,0.6435108403582148,0.6443262068260496,378.00556371966377,19,30,1
2024-02-01 14:16:41.132000+00:00,1.1927203455303292,-1.5563026881680282,971.8545155925676,14,1,2
2023-08-25 10:35:23.249000+00:00,0.6588888820723011,-0.06493358988951854,365.1093273051083,10,25,8
2024-08-03 12:23:35.656000+00:00,0.12461599444875254,0.6253701245006947,867.2320141834207,12,3,8
2023-10-22 06:34:52.659000+00:00,0.3050098100664939,-0.7246691268264646,963.8627310637384,6,22,10
2023-09-11 22:03:25.610000+00:00,0.624312560028026,-1.4269032114570772,124.34270026837476,22,11,9
2023-10-16 03:45:40.063000+00:00,-0.13871858388347524,0.7730342729663704,765.8751772302203,3,16,10
2024-01-14 23:00:35.729000+00:00,-0.309388465805133,1.4399505267870314,183.7505886333529,23,14,1
2023-08-31 23:03:36.775000+00:00,-0.3068393415435731,-0.9116325392068109,675.0833590631373,23,31,8
2024-03-24 13:13:08.168000+00:00,-1.4134232731071719,-1.5183230310155102,559.789078099886,13,24,3
2023-12-16 23:45:42.799000+00:00,0.19064060567850624,-0.4930684334890006,320.0204433805775,23,16,12
2023-10-12 05:05:52.627000+00:00,-0.761402208522497,0.01958099205294873,239.8864712282084,5,12,10
2024-07-24 02:02:48.454000+00:00,-1.463767131078595,-0.8753686902425212,849.6861546973232,2,24,7
2024-01-17 00:55:30.967000+00:00,0.052906266741443095,1.2024529984047474,109.57182247424498,0,17,1
2024-02-14 07:31:50.807000+00:00,0.5979779621468267,0.31110932932928625,642.7393161952496,7,14,2
2023-10-03 05:53:34.008000+00:00,0.5272714148188209,-0.052552033626671116,904.7082035881468,5,3,10
2023-11-29 11:15:36.967000+00:00,1.2043830895592225,0.4132116228953572,906.2393380047288,11,29,11
2023-12-29 08:58:56.819000+00:00,-1.6172996895466119,1.418545466904909,60.55702659371309,8,29,12
2023-10-13 08:45:52.229000+00:00,0.9493141064166039,0.4050537366597572,649.856696230825,8,13,10
2024-01-10 10:46:00.551000+00:00,0.00036644732442407625,-1.4411959159002103,958.2245482138824,10,10,1
2023-08-29 15:08:04.925000+00:00,-1.1700874157523466,1.2334781992278376,463.0602658831049,15,29,8
2024-06-23 15:40:57.723000+00:00,-1.527437118184673,0.5495079580138412,797.9240390523337,15,23,6
2023-12-09 09:52:59.645000+00:00,-0.9329951324331528,0.32731999137921364,587.4767946598586,9,9,12
2023-11-24 13:21:46.587000+00:00,1.060119579069275,0.5720041949949201,677.1522189187817,13,24,11
2024-01-05 21:14:14.021000+00:00,-0.09770410234212672,-1.5535940623465339,285.548379635904,21,5,1
2024-08-01 19:30:12.763000+00:00,-1.0897054086852365,1.7110856500402147,986.3979452892672,19,1,8
2024-02-06 15:55:09.908000+00:00,1.314999092249989,0.314067927289467,291.33743728976697,15,6,2
2024-06-13 01:10:56.367000+00:00,1.4110293787424821,-0.8786708966556681,803.2456351122819,1,13,6
2024-04-19 14:51:04.100000+00:00,-1.2034564877336271,0.563267444974725,797.7523169715423,14,19,4
2023-10-29 02:28:02.500000+00:00,1.31814437455757,0.27434341001981216,719.2992154734675,2,29,10
2024-05-02 00:57:24.638000+00:00,-1.3294385727502727,0.0684526034239291,146.53885131212883,0,2,5
2024-02-19 15:18:17.035000+00:00,0.39945044666277874,1.5275324569260513,607.3212576068472,15,19,2
2024-03-13 11:04:58.056000+00:00,-1.3988281681864114,0.18498991722900843,427.4883066257462,11,13,3
2024-01-09 16:38:08.719000+00:00,1.5020253404950574,1.5436351126197119,734.6717421680223,16,9,1
2024-02-02 09:30:44.563000+00:00,1.4735962895872408,-1.657679848057306,86.37740743882023,9,2,2
2024-03-21 17:35:30.536000+00:00,-0.31745340112221965,1.2610963325300368,925.1174286787864,17,21,3
2023-09-16 09:57:59.707000+00:00,0.7536515540416875,-0.9020066973506274,103.98043295461684,9,16,9
2024-08-12 05:13:41.553000+00:00,-0.36282093558612444,1.1757313502622013,38.13099982915446,5,12,8
2023-12-02 22:04:35.326000+00:00,-1.0777800379629505,1.1798106157821868,422.4353575508576,22,2,12
2024-06-04 03:50:10.068000+00:00,1.232854378759242,0.7917818236092442,685.7576997517608,3,4,6
2023-12-26 21:21:11.413000+00:00,0.20239860524033232,0.8955904888058778,284.0860253230203,21,26,12
2024-01-07 23:10:09.513000+00:00,-0.6749007692822878,-0.3075110162266392,917.6210881911684,23,7,1
2024-06-23 23:46:56.652000+00:00,0.9460453225645657,-0.34491094796051014,992.7945472677238,23,23,6
2023-12-05 08:40:05.142000+00:00,1.2728396147485863,-1.2069925160103248,703.0415036096238,8,5,12
2023-11-30 12:31:48.271000+00:00,0.2552177176247536,-0.4692564358332994,275.5968515374698,12,30,11
2024-04-07 16:34:56.107000+00:00,-1.318894164592184,-0.711810800262969,673.6251156840008,16,7,4
2024-05-27 18:10:07.816000+00:00,-0.4580399382945112,1.3535588113129715,706.7138155656867,18,27,5
2024-06-21 08:50:19.096000+00:00,-1.483644006101674,0.8851621870983934,391.70669556222856,8,21,6
2024-06-19 11:18:00.714000+00:00,-1.0063694569973003,1.4592715229087567,262.56444026809186,11,19,6
2024-04-12 22:48:10.154000+00:00,0.2590562961090525,0.9560615233559057,552.0195970700588,22,12,4
2024-06-08 21:12:12.390000+00:00,-1.3393049607796121,-1.4581959021456525,826.7768301493488,21,8,6
2024-03-03 01:33:30.482000+00:00,0.4608053191491071,-0.9924145841558006,846.9583196516614,1,3,3
2023-12-10 05:27:02.088000+00:00,1.5748244136331762,-0.04970213555289918,104.43169108708388,5,10,12
2024-01-10 21:05:08.850000+00:00,0.4951974691199043,-0.6830680339352956,315.12784235342406,21,10,1
2023-09-26 21:24:03.467000+00:00,-0.5066099852552371,1.0396904388840913,357.1757336319424,21,26,9
2023-10-09 02:39:17.283000+00:00,-1.3332911912651308,1.0232985884302193,409.28867655829526,2,9,10
2024-07-23 06:07:10.571000+00:00,1.6313653145554554,0.8844324407152716,464.7842194673139,6,23,7
2024-05-08 18:00:48.557000+00:00,-0.27158939705630253,1.0996990626182075,901.3281270591542,18,8,5
2023-09-05 16:52:03.337000+00:00,0.7997400240355111,-0.21245551919876493,890.9639820703305,16,5,9
2024-05-05 05:50:47.821000+00:00,-1.2777536523282598,0.9850672902813554,534.5961028740276,5,5,5
2024-03-27 11:47:52.010000+00:00,1.2340152331592549,1.1350589924943697,782.5398645570967,11,27,3
2024-08-15 07:04:32.857000+00:00,-0.4658148909331496,-0.49025744375553015,261.88601873791777,7,15,8
2024-02-23 06:56:04.911000+00:00,-0.5840770123871336,0.8492044041925508,342.0887742503546,6,23,2
2023-12-20 09:25:33.258000+00:00,-0.405066175787577,-0.05121162989332638,309.247669856064,9,20,12
2024-01-25 02:52:08.357000+00:00,1.3216273949040096,-0.3958773200228323,559.4520243306179,2,25,1
2024-06-02 08:03:56.536000+00:00,0.403960077707138,-1.05820195196805,330.94398424890824,8,2,6
2023-09-05 06:39:21.650000+00:00,-0.8367468747793425,1.593771170743697,425.3343762133736,6,5,9
2023-12-31 19:59:35.129000+00:00,-1.5236002219051954,-1.0895276446213757,537.9812181694433,19,31,12
2024-03-08 01:44:22.174000+00:00,0.7037318887910534,0.9928422796626729,585.958927157335,1,8,3
2024-04-12 09:09:38.669000+00:00,-0.7768231280640759,-0.11686762734207667,603.5414259161334,9,12,4
2024-01-10 13:04:27.861000+00:00,-1.4463095296040271,1.2891705073777717,804.2627483655233,13,10,1
2024-08-08 17:57:40.767000+00:00,-1.1518030477904815,-0.18986749017384166,560.5964825605042,17,8,8
2024-02-28 17:54:19.896000+00:00,1.5259291602375848,0.8054839384109725,994.5383330718614,17,28,2
2023-10-10 19:36:23.400000+00:00,-0.847467189584801,0.7808276019158253,911.5099856071174,19,10,10
2023-11-18 08:45:50.748000+00:00,1.620678297072694,-1.0431834885340612,888.7207585205324,8,18,11
2024-01-11 02:54:19.890000+00:00,-0.7349478390670466,-0.690853944386104,706.0628943075426,2,11,1
2024-02-01 14:21:29.456000+00:00,-1.0249000765745437,1.4070071572121394,966.3039227989502,14,1,2
2024-01-21 00:48:49.575000+00:00,-1.1344606119836187,0.05633613565814898,115.7691502305679,0,21,1
2024-08-05 13:22:39.114000+00:00,-0.7923589964419334,-0.17334553297813418,644.8914558370598,13,5,8
2024-06-25 02:48:49.460000+00:00,0.27290035567744425,0.9098083399073854,281.9983224859461,2,25,6
2024-05-07 18:18:17.220000+00:00,0.9715271741093249,1.409345052192293,211.9054581299424,18,7,5
2024-07-05 06:58:53.363000+00:00,0.14904445544024744,0.9703308069450743,791.8106014188379,6,5,7
2024-01-25 23:36:21.397000+00:00,0.9603792747759623,1.5224537689945308,688.5661922758445,23,25,1
2024-07-30 23:57:37.684000+00:00,0.4472698467086671,1.6920205998367104,668.9556552753784,23,30,7
2024-02-07 13:39:17.420000+00:00,0.17772929698063694,-0.9203443578741378,862.2170134417247,13,7,2
2023-10-13 02:14:49.043000+00:00,-1.4592586624698614,-0.5416237317718761,238.88671651715413,2,13,10
2023-12-03 20:34:42.225000+00:00,1.6441614959420818,1.6239932506691923,471.25300236209296,20,3,12
2024-06-21 23:19:44.008000+00:00,1.1219405068318271,-0.9202601873529859,933.4507000586018,23,21,6
2024-05-03 03:27:49.678000+00:00,0.8299151777157502,-0.5543899382046684,22.6258119023405,3,3,5
2023-11-26 05:05:48.596000+00:00,-0.08249392729136293,-0.09970419618222794,724.2304182010703,5,26,11
2023-10-11 00:33:38.388000+00:00,-1.1474248056315648,-1.2915054169136897,540.0122880910058,0,11,10
2024-05-10 15:08:57.601000+00:00,-0.7271979739027276,0.9191051390677699,638.7606705934741,15,10,5
2023-09-26 14:33:25.984000+00:00,-1.293977998058787,0.09031293417230846,132.780712536769,14,26,9
2023-10-05 22:58:03.068000+00:00,-0.5559313171005213,-0.9439370140350444,44.6288818733301,22,5,10
2023-12-08 16:18:14.762000+00:00,1.0968860707334265,0.761289482133986,29.122821239521727,16,8,12
2023-12-14 02:01:54.942000+00:00,1.6213690977310453,1.6130242528856942,651.0594953419641,2,14,12
2023-10-27 16:20:06.101000+00:00,1.1905140364507034,1.2234715191811996,109.89992587966844,16,27,10
2024-03-17 12:40:05.255000+00:00,-0.018381139101067263,-0.3483639988036633,298.8807548598852,12,17,3
2024-01-12 15:00:51.548000+00:00,1.504899444183853,-1.1307887672504855,584.3520198164042,15,12,1
2023-10-30 02:24:13.883000+00:00,0.25491160409719027,-0.2946225958148298,801.5534641584381,2,30,10
2024-01-31 17:27:12.829000+00:00,-1.6683678928591223,-1.4081585681185445,740.8688168579247,17,31,1
2024-04-29 10:22:49.975000+00:00,-0.9033155277998447,-0.6934103549592325,865.9826682957355,10,29,4
2024-01-17 04:00:57.463000+00:00,-1.4452785885398578,-1.0164847715514806,235.7738278871402,4,17,1
2023-09-23 23:08:27.777000+00:00,-0.46072734386284914,-0.43797409125011627,47.22259171609767,23,23,9
2024-01-19 08:09:39.816000+00:00,-0.9596791036684553,0.8878525407557336,217.79787108721212,8,19,1
2024-01-27 02:30:55.701000+00:00,1.3711685648526761,0.45244824089824953,66.72587553900667,2,27,1
2024-01-27 04:19:06.528000+00:00,1.6164095046859006,-0.9670968050634281,640.498115781229,4,27,1
2024-06-04 16:38:43.546000+00:00,1.3918847207457774,-1.434420398468296,776.3229050801601,16,4,6
2023-10-26 21:10:58.675000+00:00,1.6463092887168227,-1.0984856624285153,679.6065503370482,21,26,10
2024-03-14 09:57:36.014000+00:00,-0.8183085948611564,1.071508306490592,582.0546551714651,9,14,3
2024-03-25 17:12:56.481000+00:00,-1.674913589784728,0.46260611863673384,830.4773580809124,17,25,3
2024-05-29 13:11:11.331000+00:00,-1.386246294527616,1.3014427831054383,852.6113559652586,13,29,5
2023-10-31 15:09:36.191000+00:00,0.07009918201545944,1.3171891884448264,377.1563635254279,15,31,10
2024-06-16 23:58:41.627000+00:00,-0.8045260034796323,-0.3459283063283796,211.13304870808497,23,16,6
2024-01-02 05:13:04.088000+00:00,0.9331616696583811,-1.334986688697144,597.9913232061081,5,2,1
2023-12-09 03:34:48.679000+00:00,-0.35973235665352354,0.04995501679877995,841.1811640278902,3,9,12
2024-04-16 11:24:21.116000+00:00,-1.4703698257063158,1.435455392495572,992.53963332274,11,16,4
2023-11-03 00:23:24.247000+00:00,0.887177414171049,-1.1227427513247987,871.7541387637611,0,3,11
2024-05-02 12:50:26.634000+00:00,-0.8479489044736104,-0.006311007258035086,321.1148993608076,12,2,5
2023-11-21 05:09:49.382000+00:00,-0.22761765579993648,0.4031140765945251,188.3273837014567,5,21,11
2024-01-09 06:34:34.845000+00:00,-1.1068872514663748,-0.2701609951121792,735.7401837110519,6,9,1
2023-11-27 06:05:58.412000+00:00,-1.2422117682002085,-0.5258551034203958,183.51849137083627,6,27,11
2024-07-22 20:29:59.125000+00:00,-1.114738800393497,-1.368325787058132,477.9649437083863,20,22,7
2024-08-09 09:25:14.667000+00:00,0.5154162332903418,-1.611390267269887,872.9298720955849,9,9,8
2023-09-24 08:50:07.020000+00:00,-0.7298752439717524,-0.23710289177622645,198.78748203348368,8,24,9
2023-10-04 01:04:42.157000+00:00,-1.4634620015116926,-0.5808672639616843,609.0280077916104,1,4,10
2024-05-26 23:07:29.985000+00:00,0.34635220804414596,0.52913186054197,245.7451896010898,23,26,5
2023-12-26 14:59:45.392000+00:00,1.1591899157424448,0.9056365165368534,37.62810381921008,14,26,12
2024-02-29 01:47:30.288000+00:00,-1.1518037382067925,-0.8841379833931227,540.0506257929374,1,29,2
2023-11-11 06:38:29.217000+00:00,1.4727148009536284,0.10752037850907548,272.5614405411761,6,11,11
2024-02-28 14:41:42.221000+00:00,0.2625272114692874,-0.72908089782038,456.7553006976377,14,28,2
2023-10-14 22:53:01.565000+00:00,0.06103644953105394,0.8009816219408559,951.3173007641452,22,14,10
2023-09-03 12:52:47.595000+00:00,1.4004021245410039,1.5860798483838965,197.20698105706833,12,3,9
2023-08-21 08:12:22.734000+00:00,0.22703901308029956,1.6803347403881554,227.84065335523337,8,21,8
2024-05-24 13:39:13.519000+00:00,0.8876495313337941,-0.36922072728144456,693.4544974539895,13,24,5
2023-10-20 05:52:36.623000+00:00,1.49626541639259,-1.2357435381078108,589.6491486798041,5,20,10
2024-01-13 14:37:57.009000+00:00,-1.1814544651211354,0.7767686030682236,964.6518575230148,14,13,1
2024-02-12 14:47:46.852000+00:00,1.0362004527501671,1.7030366553457228,241.6815639231354,14,12,2
2024-07-02 13:21:25.822000+00:00,1.2654461304290912,1.759812815487028,815.3718073887285,13,2,7
2024-08-01 20:47:18.834000+00:00,0.48923374852568735,-1.4288073544956745,310.81382164079696,20,1,8
2023-10-21 12:02:23.597000+00:00,-0.38938219197582774,0.9498179273007301,903.2343508023768,12,21,10
2023-12-12 01:34:27.233000+00:00,1.0952547187526949,-1.4229488552633456,459.9132972541265,1,12,12
2024-05-24 00:13:02.340000+00:00,-1.5884852767473945,-0.9734822117906524,37.70668512955308,0,24,5
2024-02-07 07:45:11.865000+00:00,1.013175968982686,0.6476265990163202,445.434745832812,7,7,2
2023-12-20 23:20:35.268000+00:00,1.010910511107949,0.40913638618454384,579.8594998205081,23,20,12
2024-07-26 11:54:20.635000+00:00,0.467438237103093,1.3245707610778856,640.1322715198621,11,26,7
2024-03-23 12:38:01.223000+00:00,-0.989177512376601,0.1198196645558428,380.410509970272,12,23,3
2023-10-14 15:28:16.995000+00:00,0.12565731680670394,-0.06031039046603144,131.43854500283487,15,14,10
2023-08-27 22:27:28.485000+00:00,-1.056585832180097,1.5702756323534144,70.43961014179513,22,27,8
2023-09-21 03:28:25.471000+00:00,1.2858010929155996,-1.6503714501630589,613.4335013157688,3,21,9
2023-10-19 11:41:18.022000+00:00,-1.197326404205944,1.4712094773154243,864.21532033314,11,19,10
2023-12-01 00:27:14.542000+00:00,1.3315397511957574,-1.3989656571746745,731.6940742766019,0,1,12
2023-09-30 18:33:14.725000+00:00,1.6470920321622693,-0.959236392096546,687.6767677788157,18,30,9
2024-02-17 21:30:33.360000+00:00,-0.005486137378923227,-0.41565105814329484,601.1881331270561,21,17,2
2023-09-27 19:41:50.951000+00:00,1.2399688018156751,-1.6410269127405572,395.9353031015489,19,27,9
2024-08-06 22:01:27.027000+00:00,-1.0352412596738843,-0.8587244078106193,944.0982429205906,22,6,8
2024-07-16 02:47:22.193000+00:00,1.3194112219514424,-1.1054987009404136,837.5006478817668,2,16,7
2024-02-13 20:10:30.881000+00:00,1.2681454538980348,1.4577865270739312,125.436160962563,20,13,2
2024-07-07 14:31:48.930000+00:00,0.892890049452926,1.0957923496713393,732.8723157106433,14,7,7
2024-03-26 10:43:05.652000+00:00,-0.5999604505826087,-0.9980314928941647,271.6170980723109,10,26,3
2024-02-26 19:44:41.311000+00:00,0.203670722342374,0.577488728806805,847.7647830215283,19,26,2
2024-02-28 10:29:49.762000+00:00,0.7592315268470361,-1.5708422065077858,795.0394351740833,10,28,2
2024-08-05 07:51:03.170000+00:00,-1.6078742348766397,0.14982611182981834,8.882988995173946,7,5,8
2023-11-18 23:48:35.521000+00:00,0.2152794103749306,-0.8477867260801928,205.7178027210757,23,18,11
2024-02-20 06:01:45.329000+00:00,-0.26057438798988397,-0.6483420758787208,65.69893386517651,6,20,2
2023-12-08 18:23:06.930000+00:00,1.395842444576381,0.6534190325998374,540.4938872125931,18,8,12
2024-01-10 06:29:49.617000+00:00,-0.8676249982925021,-1.381141611755709,144.61649249121547,6,10,1
2024-01-26 11:56:33.851000+00:00,-1.3032531180995823,-0.9756239351922547,356.08559420192614,11,26,1
2024-03-19 05:35:01.565000+00:00,-1.1493445739380932,0.30086760590812384,917.9133098949678,5,19,3
2024-07-27 00:37:01.384000+00:00,-1.5953000974813374,1.07512481118121,156.3918598156888,0,27,7
2024-05-17 22:44:03.085000+00:00,-1.1919668832073653,0.8407067109262246,790.4159826128744,22,17,5
2023-09-18 09:51:02.496000+00:00,-0.3494969340609175,0.9301028915529733,7.093138589756563,9,18,9
2023-10-11 19:33:24.705000+00:00,1.1129871755868797,0.5503820008954323,16.230638307053596,19,11,10
2024-03-03 16:56:54.713000+00:00,-0.0904478112583525,-0.8576924325235227,997.0092945359648,16,3,3
2023-09-11 10:45:00.173000+00:00,1.079164098520635,0.3647941470801672,532.7562464973889,10,11,9
2024-06-08 01:48:41.613000+00:00,-1.5150741487668347,-1.3991286383821597,859.4100395487621,1,8,6
2023-11-09 09:47:39.738000+00:00,0.878175579223295,-1.230182831298,650.1800123080611,9,9,11
2023-08-31 11:40:14.303000+00:00,0.8495569276284893,-1.191461926856194,678.3030489331577,11,31,8
2024-06-22 19:18:51.159000+00:00,-1.4583441066523226,0.9277010878514742,509.4918392910622,19,22,6
2024-06-23 09:20:30.635000+00:00,0.2921748933502408,-0.16497813242366952,849.1105679166503,9,23,6
2024-02-01 23:43:43.225000+00:00,0.32220449756559866,1.010818983734521,451.1869290575851,23,1,2
2023-12-10 07:23:04.615000+00:00,-1.3847785696470094,-1.0580425878369706,476.11965407943353,7,10,12
2023-11-22 11:05:13.292000+00:00,-1.6456184014386213,0.8147574328471469,429.1317629914265,11,22,11
2024-05-06 11:43:23.718000+00:00,1.271598884974005,0.39464977185073374,829.7608449372929,11,6,5
2023-08-18 17:24:33.526000+00:00,-0.032333204986166306,0.8561111458106506,413.32745869643986,17,18,8
2023-11-23 06:31:38.837000+00:00,0.5574878737116222,0.371737061898619,935.1952441316098,6,23,11
2024-07-19 05:00:41.933000+00:00,-0.5248085357221072,0.7344955509342388,841.9067547663581,5,19,7
2024-07-13 12:36:28.914000+00:00,-1.4837345555315895,-1.3259451776570703,654.6911382682156,12,13,7
2024-04-14 15:25:59.593000+00:00,0.08866359598383239,-1.5493699342970386,744.6931133421604,15,14,4
2024-07-05 13:13:53.388000+00:00,-0.9996239690904475,1.2108643820885712,303.17477960372344,13,5,7
2024-06-18 15:08:52.056000+00:00,-0.1185034487039874,-1.0502919840798854,496.186273988802,15,18,6
2024-07-26 01:38:11.652000+00:00,-0.006323761876026567,1.1574682044362077,327.79711377620697,1,26,7
2024-03-10 22:12:35.867000+00:00,0.7841696113585582,0.5295394199452835,575.2273583353963,22,10,3
2024-04-03 18:22:34.387000+00:00,-1.643145416319144,0.453530389923921,224.68645000387912,18,3,4
2024-02-16 15:26:08.415000+00:00,-0.2318781537975787,0.47156076380841866,958.6904590781778,15,16,2
2024-03-04 04:16:39.030000+00:00,0.351669832827538,1.307540105207935,788.0447879331186,4,4,3
2024-05-21 05:26:00.604000+00:00,0.48758440345048476,-1.707892895335882,74.2887838925235,5,21,5
2024-04-02 03:06:23.631000+00:00,0.6737861075346813,-0.07312335496084608,620.9681685732212,3,2,4
2024-08-08 21:53:05.494000+00:00,1.5622409094333651,-1.1197546897029436,382.5170327615924,21,8,8
2024-07-18 03:00:10.942000+00:00,-0.5836150001950893,1.5513399044068306,298.045952005079,3,18,7
2024-01-02 02:19:50.369000+00:00,1.3855662850730737,-0.3159568327886913,738.6335681567434,2,2,1
2024-07-21 20:06:07.279000+00:00,-1.3002534854533538,0.7362232295323975,210.358262834372,20,21,7
2024-05-16 11:18:02.419000+00:00,-0.38444681986208185,0.9184468928811276,781.1058260041755,11,16,5
2023-12-03 03:32:39.043000+00:00,1.6658367042794553,-0.5558186119207053,650.7742194740567,3,3,12
2024-06-15 07:30:22.206000+00:00,-1.3054390802504434,0.46901648270390367,419.2565760537982,7,15,6
2024-05-27 19:32:17.449000+00:00,0.5298598223594612,0.7455372361988382,28.701710342196748,19,27,5
2024-02-15 19:22:50.135000+00:00,0.02617726502008192,0.9342918038635185,829.1438257407863,19,15,2
2024-02-19 05:27:46.164000+00:00,-0.6597203009197332,-0.5513275592246694,38.05009696003981,5,19,2
2023-09-15 00:18:44.409000+00:00,-0.5315952685670824,0.6559293615870654,246.67424155492336,0,15,9
2023-11-17 03:39:14.681000+00:00,0.7315291203196546,-1.6343323466805189,383.49841573438607,3,17,11
2023-09-07 18:08:30.733000+00:00,0.45588167393644324,-1.1030211229802154,167.46114275208674,18,7,9
2024-06-25 08:09:30.393000+00:00,0.9193623321587843,-0.6522929262532233,847.6265736336354,8,25,6
2024-03-23 11:11:52.658000+00:00,0.6322961444209453,0.6658124154194213,875.8276198436506,11,23,3
2023-10-08 23:16:05.242000+00:00,1.5404360476447454,-0.12757179162670967,472.6110405100044,23,8,10
2024-08-11 11:42:21.763000+00:00,1.3975244709225385,-0.7431765300702935,739.3892019265331,11,11,8
2023-11-06 09:41:45.623000+00:00,-1.31461117640063,-1.132499172562797,827.6532159107737,9,6,11
2024-01-23 20:33:50.027000+00:00,0.9703741279890191,-0.4744475942138143,430.2501805005595,20,23,1
2023-11-11 13:13:31.774000+00:00,0.36506263332051064,-0.09092048020338736,83.30238689575344,13,11,11
2023-08-23 06:07:59.872000+00:00,1.253092933298357,-1.30690243735995,720.1782330791466,6,23,8
2023-11-21 07:56:31.951000+00:00,0.4096642205552764,1.0102449129416076,935.0602345918304,7,21,11
2024-02-16 18:08:51.125000+00:00,0.12355808800920959,0.14218143546276713,534.9776567916851,18,16,2
2024-07-29 00:15:14.770000+00:00,0.3519084350685505,0.3653543513307281,572.3222418886144,0,29,7
2023-09-05 04:25:17.163000+00:00,-0.686810248687648,-0.3641159564446656,769.4388148360886,4,5,9
2024-04-04 20:20:21.984000+00:00,-1.665490426326255,-0.18691518839538035,349.70389034599066,20,4,4
2024-06-04 07:09:34.566000+00:00,0.05524560072702141,0.3400896143006547,467.05269197491,7,4,6
2024-04-12 10:20:55.543000+00:00,-0.17768229727696483,-0.11738525176548491,341.93885635375045,10,12,4
2023-10-16 05:36:06.314000+00:00,-1.1758716335852113,-1.0246455707760949,435.99462589388713,5,16,10
2024-05-24 11:55:39.801000+00:00,-0.19186022401272096,-1.4498777064990145,382.2148849461228,11,24,5
2023-08-22 16:52:50.043000+00:00,0.9708878329496873,-0.38961942620223017,113.56933082826436,16,22,8
2023-10-08 20:27:55.319000+00:00,1.6371099860935026,-0.7661997435744429,432.8084152226802,20,8,10
2023-09-23 13:51:41.429000+00:00,1.4967009446219948,0.07556900959868759,933.5362823305186,13,23,9
2024-07-28 23:12:23.990000+00:00,0.5709890703481988,0.9267947974424877,811.0684447730891,23,28,7
2023-12-10 07:07:52.304000+00:00,-0.8217582082950082,1.4486824627010442,247.41446827817708,7,10,12
2023-09-14 19:22:14.857000+00:00,-1.0296781699739714,-0.5059189322573726,650.7041868311353,19,14,9
2023-11-15 02:18:04.687000+00:00,0.7800641016465197,-1.6505500569132325,59.03562546521425,2,15,11
2023-10-26 00:53:59.360000+00:00,0.4987909693834396,1.209635419066258,699.8944147275761,0,26,10
2024-05-31 01:14:18.978000+00:00,-0.2011811573245077,-0.7074443133765007,343.3805101590697,1,31,5
2023-11-28 08:49:02.209000+00:00,0.48680908628569713,-0.14072108332009914,390.6080253748223,8,28,11
2024-05-27 09:29:59.679000+00:00,1.3827043756079664,1.0068888596788426,99.3472480357159,9,27,5
2024-01-13 09:28:33.802000+00:00,-1.4725668188624534,1.58005563117994,297.88431117869914,9,13,1
2023-12-28 12:51:26.834000+00:00,0.51105845078122,-0.7670458040578003,615.0973325520754,12,28,12
2023-10-14 07:42:45.050000+00:00,0.8429410133288191,0.1497014063397069,530.6347672014963,7,14,10
2023-09-16 10:21:33.787000+00:00,-0.5910237730871117,-0.09448001066198038,248.90866848803125,10,16,9
2024-01-07 07:03:34.906000+00:00,-1.3985445886887158,-1.0873798004508297,415.61246983893216,7,7,1
2023-10-13 07:26:05.444000+00:00,1.3861974664825696,-1.7048802994761931,196.1749392109923,7,13,10
2023-12-25 15:51:43.589000+00:00,0.9898116039111997,1.502725069728468,785.9324855513405,15,25,12
2024-04-19 19:58:42.376000+00:00,-1.6831473342381964,-1.421819592477523,930.077431900194,19,19,4
2024-03-14 21:08:55.582000+00:00,0.39830761823420413,0.7540966999372556,221.7267128452659,21,14,3
2024-03-07 15:36:56.607000+00:00,1.2630561494755597,-0.100196302919323,811.3029801258817,15,7,3
2024-04-10 14:45:37.487000+00:00,0.8349194333380345,1.1151537248395564,250.078467086656,14,10,4
2024-01-01 07:06:18.478000+00:00,-1.1792485630896747,0.06734967691737392,486.1764136152342,7,1,1
2024-06-16 11:24:19.636000+00:00,-0.4852262680228774,-0.9950928343316051,835.8113362528384,11,16,6
2023-09-13 22:26:36.147000+00:00,-0.13065979969039274,0.9447680046281647,145.34908488905057,22,13,9
2023-09-28 23:21:15.403000+00:00,-1.3447751620882293,0.6184405881547885,40.114601189037785,23,28,9
2024-08-11 09:28:01.387000+00:00,-0.7497423404454477,0.04268286600563757,63.05209984490648,9,11,8
2023-11-02 08:24:20.722000+00:00,0.9055343517757023,-0.009576155285988906,158.5515056215227,8,2,11
2024-02-11 23:05:44.557000+00:00,1.6271061684273924,1.7662101908878205,452.07344584935345,23,11,2
2024-02-27 20:20:49.087000+00:00,0.41950930039595324,1.6535675165956327,337.41372009692714,20,27,2
2023-12-04 10:16:07.971000+00:00,-1.0658289707596675,-1.5421457418440792,749.6493603414856,10,4,12
2023-12-05 07:49:50.014000+00:00,0.591510505358064,-0.6954269229694375,168.15202873386443,7,5,12
2024-03-07 12:35:27.852000+00:00,-0.971541750616841,-0.49963608921778624,93.65856959624216,12,7,3
2024-05-24 07:31:29.099000+00:00,1.0861107371061636,0.37591536254831964,441.9599836186971,7,24,5
2024-06-26 01:49:20.858000+00:00,0.004728358241282722,-0.5292796366939295,282.1377176574897,1,26,6
2023-11-03 01:37:56.300000+00:00,-0.9075800688816663,0.7915916436763433,96.33976436103694,1,3,11
2024-06-14 03:04:06+00:00,-0.9305445701880827,-0.00809511273539014,296.8581010249909,3,14,6
2024-06-11 06:22:46.994000+00:00,1.2792020272788283,0.8908205622800407,676.4875646205619,6,11,6
2023-10-02 00:32:14.770000+00:00,1.0383786598506966,0.07857527273232887,310.88847670005634,0,2,10
2023-12-13 03:34:35.140000+00:00,0.7466751586697139,0.25415704745213263,799.586652871687,3,13,12
2023-08-25 06:15:23.861000+00:00,0.13030859669862305,1.1569180320098156,642.7951764208265,6,25,8
2024-04-05 14:32:48.851000+00:00,-1.5746775900637018,1.4625027764782528,211.5640580379404,14,5,4
2024-03-14 18:40:52.923000+00:00,-1.239171051869554,0.40244413216234315,247.21781264222227,18,14,3
2023-11-20 19:44:07.624000+00:00,1.1598651264560695,1.3460635379051986,804.4610735885799,19,20,11
2024-06-22 08:24:20.106000+00:00,1.348890306047946,-0.9184134903742966,717.306643281132,8,22,6
2024-07-24 14:45:54.072000+00:00,1.0088967538145095,-1.4478123323202097,113.0896480800584,14,24,7
2023-12-21 02:18:02.660000+00:00,-1.1830946132561597,0.7762663272627047,188.6926613545511,2,21,12
2023-12-05 05:57:49.727000+00:00,-1.0602193437127,0.9849368189083332,260.91266690241173,5,5,12
2024-08-10 19:58:59.648000+00:00,0.4262578943934205,-0.7882097533948034,797.0073336230125,19,10,8
2024-07-17 05:08:09.038000+00:00,0.8656250874124652,-1.1385083302551058,13.194167827721683,5,17,7
2024-05-08 03:19:49.013000+00:00,-1.1289961751032482,1.089229471504408,927.1790963774548,3,8,5
2024-05-07 04:02:41.027000+00:00,-0.20461123479478543,0.7152744759391666,215.69555645552464,4,7,5
2023-12-06 09:36:11.217000+00:00,0.29560560017960474,-0.8688300856305481,109.20156327378936,9,6,12
2024-08-10 20:19:35.421000+00:00,0.5209385633787905,1.0152606358075498,86.075338706607,20,10,8
2024-04-23 11:38:36.617000+00:00,-1.6528592575690855,1.1952043772864582,533.5577478581108,11,23,4
2024-04-17 22:12:05.585000+00:00,-0.17120729209309274,-1.5999408488133906,814.7577091555577,22,17,4
2024-02-22 12:29:50.153000+00:00,-1.2264728751565457,-0.15333337478721154,321.12310075969435,12,22,2
2024-06-26 20:00:22.617000+00:00,1.6003616205972604,-0.11504753057391491,179.3434859975241,20,26,6
2024-04-08 13:48:26.383000+00:00,1.496732493985936,0.5936878980715276,504.81464919191785,13,8,4
2024-02-29 11:19:04.308000+00:00,-1.0731618816154735,1.2510863643059473,837.2067954347003,11,29,2
2024-01-03 04:10:49.670000+00:00,0.07747510612055153,0.1774729186241044,784.3466976266354,4,3,1
2023-09-05 13:25:37.424000+00:00,-0.026208975906997563,1.0565390991264898,906.9148513644468,13,5,9
2024-06-28 22:06:51.439000+00:00,0.4109726400913732,-1.1486077143296038,898.0026405390818,22,28,6
2023-09-12 12:20:32.229000+00:00,0.8934132871685089,-1.0191823642342106,887.0964989175554,12,12,9
2023-12-22 06:04:59.214000+00:00,1.009594158829341,-0.8801951841401946,189.61133177019656,6,22,12
2023-10-09 12:52:50.047000+00:00,-1.4317592125059961,0.6809530928324268,31.644445065874606,12,9,10
2024-01-24 23:19:07.796000+00:00,-1.175618158430471,-0.6738837677553111,360.4631331905257,23,24,1
2024-01-26 14:31:09.309000+00:00,1.2669103100767358,-0.7266274318079995,382.67347572464496,14,26,1
2024-07-25 00:29:35.738000+00:00,1.1267981335288075,1.3018866959944566,465.9102785123978,0,25,7
2024-04-07 09:48:41.042000+00:00,-0.4966095914904242,0.11785290808931437,537.2891482647974,9,7,4
2023-12-23 23:46:45.552000+00:00,-0.26083396338760784,0.6373572123507247,734.0710094703827,23,23,12
2023-12-24 10:42:35.664000+00:00,0.11780553930638127,1.296893377238056,153.05573752801865,10,24,12
2024-07-09 22:28:24.149000+00:00,0.7404547112321447,-1.2391096849140546,297.3381898889784,22,9,7
2024-02-03 01:35:52.854000+00:00,0.059576759937785224,1.405571183563499,760.4902568808757,1,3,2
2023-08-24 10:11:22.098000+00:00,-0.5228120247463125,-0.5370805701120573,595.4288970713969,10,24,8
2023-10-27 20:26:25.153000+00:00,-1.3865735181992536,-1.6212445964480964,290.842872468289,20,27,10
2023-10-04 04:06:54.242000+00:00,0.7926279728174251,0.7800398507506204,427.1661265562289,4,4,10
2023-10-28 07:51:54.679000+00:00,-1.1311898015013888,-0.12718010545542094,851.3332060948014,7,28,10
2024-06-16 03:58:05.304000+00:00,0.6645531553354446,0.7239670349333789,74.18553814268671,3,16,6
2024-02-21 04:35:42.843000+00:00,0.17550689306000267,1.575785317596233,686.5052693553735,4,21,2
2023-11-17 12:40:30.019000+00:00,1.3123565934876902,0.2210972062303448,25.82689255173318,12,17,11
2023-08-18 02:01:06.147000+00:00,-1.0330181817754223,0.44070568170618046,38.12541492306627,2,18,8
2023-12-01 11:47:41.329000+00:00,0.9468411901822007,1.2572268200851942,762.8409894658253,11,1,12
2024-07-27 18:21:53.769000+00:00,1.1219207493401169,1.5636893641921723,684.1625174339861,18,27,7
2024-04-30 03:34:29.917000+00:00,-1.2835828591595815,-1.0000652935854075,462.6597350076772,3,30,4
2023-11-30 14:58:32.986000+00:00,0.424893900258217,-0.4419995359075615,90.1468161889352,14,30,11
2024-05-03 23:20:05.516000+00:00,0.9855993630391099,-0.3713449841183083,902.1881849193014,23,3,5
2023-10-31 01:47:42.472000+00:00,0.03985441761947911,0.1430955634120315,875.5110802710988,1,31,10
2024-04-04 03:47:22.313000+00:00,0.12501795607744304,0.35000025179201766,321.4443069421686,3,4,4
2024-07-29 19:32:32.701000+00:00,-1.588968637050133,-1.3031925050637716,378.96026400174014,19,29,7
2024-07-28 13:19:50.527000+00:00,-1.2731380744743521,-1.0399205234206514,42.98114640568383,13,28,7
2024-08-09 16:23:26.846000+00:00,-0.16662946639093595,0.6420595659772312,813.8447164525278,16,9,8
2024-01-29 23:39:37.069000+00:00,-0.42177722509529203,-0.6095076005975906,412.7045554730575,23,29,1
2024-03-08 07:19:43.193000+00:00,-0.3586532719676169,-1.1658825309779437,49.985708826221526,7,8,3
2023-08-21 21:22:12.385000+00:00,0.7531035998918436,-0.10195064588360782,928.5440252355766,21,21,8
2024-06-18 07:25:25.406000+00:00,1.145079048626333,-0.6860877559390047,202.8193985819817,7,18,6
2023-10-11 01:05:47.417000+00:00,1.0281228425794449,0.00727372797326362,963.298764404608,1,11,10
2023-08-17 16:58:13.838000+00:00,1.4882225000328857,-0.725428619480733,830.0507425237447,16,17,8
2024-07-07 02:18:31.083000+00:00,-0.020626340850091646,0.1081412828889563,143.22889720881358,2,7,7
2024-03-19 15:17:42.457000+00:00,-0.6073161944921268,-1.6229007244998124,666.0594961703755,15,19,3
2024-05-26 22:15:09.602000+00:00,1.3924542562762252,-1.3438576603505419,757.0313706304878,22,26,5
2024-04-18 13:57:09.241000+00:00,0.6942961060566747,0.26173745615132477,164.16559575730935,13,18,4
2024-02-09 18:47:53.754000+00:00,-1.0332726440219635,0.7347525883097314,89.75007526227273,18,9,2
2023-08-26 05:29:11.748000+00:00,-0.7497074368480681,0.8061963757760152,194.1283268709667,5,26,8
2024-05-28 01:50:56.274000+00:00,0.5878038527496716,0.8427147551748757,540.769748451421,1,28,5
2024-01-24 22:20:18.168000+00:00,0.12466481361388708,-0.6411488673314936,388.8946112627163,22,24,1
2023-09-16 00:09:04.708000+00:00,0.37087412494601263,-1.5439109441585448,883.6630051378161,0,16,9
2024-05-04 22:51:04.759000+00:00,-1.6897956965389114,1.2823248370169482,753.1726961894892,22,4,5
2024-03-31 20:33:58.126000+00:00,-1.6244907378545712,-1.3903035103704804,719.2382299550809,20,31,3
2024-02-12 02:54:12.799000+00:00,0.014495728673300994,0.0899390954388693,269.79993370571174,2,12,2
2023-08-25 07:19:22.177000+00:00,0.15562303324696602,-0.42257061301499577,596.0686671251897,7,25,8
2023-09-26 04:51:40.708000+00:00,0.9336679921743456,0.5362605732223104,819.037754770834,4,26,9
2023-12-04 15:03:48.677000+00:00,0.7196138216911022,0.6752343196212401,822.3810652613174,15,4,12
2023-08-31 15:06:27.700000+00:00,1.2760947491797467,-1.6119294016849377,934.3719283523968,15,31,8
2024-07-30 18:09:04.372000+00:00,1.0403215187471802,0.8205682547245725,739.564468565397,18,30,7
2023-09-20 23:52:35.452000+00:00,-1.125681644516938,-0.31631221338795,340.8489476607647,23,20,9
2024-03-26 07:32:37.471000+00:00,0.4804577509450426,1.2638703442758363,391.5026070305612,7,26,3
2023-09-17 10:09:21.956000+00:00,1.34441554259286,-0.6189442069887359,664.577614805894,10,17,9
2023-09-06 03:30:33.944000+00:00,-0.17794710559196575,-0.610495026724287,664.7273994239513,3,6,9
2024-04-02 09:13:14.650000+00:00,0.18868880346416259,-0.17225503641578113,16.632052356377244,9,2,4
2024-01-16 19:00:43.873000+00:00,-1.3693249367402933,1.6237204578156212,682.8301201711874,19,16,1
2023-10-26 01:02:39.455000+00:00,0.6317793834678985,-1.5712495783168807,657.5884768767282,1,26,10
2023-12-31 11:21:09.143000+00:00,1.50098847766287,1.5071137138472377,835.300556340022,11,31,12
2024-07-09 16:35:58.957000+00:00,-0.7548547487652219,-0.442353463666746,999.209818244446,16,9,7
2023-12-22 09:46:09.568000+00:00,-1.430746740469537,0.33745736774951707,840.4470583486836,9,22,12
2024-08-07 09:25:13.282000+00:00,0.13200238282282964,-0.7474572587875689,885.9846927686594,9,7,8
2024-02-08 00:05:49.148000+00:00,-0.46391559088705064,-0.17879190314191878,531.6258353146259,0,8,2
2023-12-24 05:37:00.670000+00:00,-1.274263373217136,-1.3273603592070957,544.5180449958425,5,24,12
2024-06-07 13:14:03.857000+00:00,-1.014565795289958,-1.0331847312978004,458.8900992420968,13,7,6
2024-01-09 20:11:17.787000+00:00,-1.1646696085876531,-1.4543701040263322,216.5696453135461,20,9,1
2024-04-04 15:37:48.008000+00:00,0.5685190245861452,-0.6055811878214759,878.6845955210738,15,4,4
2024-02-13 11:21:23.735000+00:00,0.2959731717178316,1.1754068325663434,725.142661008751,11,13,2
2024-03-18 19:55:29.569000+00:00,0.5646602392915845,1.18693721213987,630.9552978603169,19,18,3
2024-07-18 04:01:19.258000+00:00,1.4761006299399961,0.5093502889417106,798.8504812587053,4,18,7
2024-01-24 21:52:43.004000+00:00,0.4285499168576453,1.5000014298727122,277.0978643046692,21,24,1
2023-11-22 10:17:51.801000+00:00,-0.2433992380199232,0.9183443429991252,768.4761608717963,10,22,11
2024-05-12 03:39:38.430000+00:00,0.6947096419433851,-1.2555611001867808,264.6255597337149,3,12,5
2024-08-08 19:58:29.310000+00:00,1.470108366658765,0.5205723716285708,871.0461259072181,19,8,8
2023-11-14 03:34:34.962000+00:00,-0.1578930988630967,-0.6718818191006218,993.0240133837796,3,14,11
2024-03-03 08:38:14.929000+00:00,-0.7805528751763481,1.1441546874039779,541.6021564791445,8,3,3
2023-10-08 08:55:42.600000+00:00,-1.027250915933068,0.3427153527129688,589.772273169132,8,8,10
2024-04-26 20:08:55.484000+00:00,-0.6129101141766276,1.1280775420877651,604.8041712986305,20,26,4
2023-09-29 20:18:48.209000+00:00,-0.7985858830683619,1.4038978333879955,595.901727022836,20,29,9
2024-02-03 20:36:06.022000+00:00,1.5424473916122365,-1.1613041657606176,327.47935213474557,20,3,2
2024-04-04 17:44:15.634000+00:00,-0.8618922931877265,-0.18449626814259779,545.0830941651948,17,4,4
2023-09-16 11:05:41.643000+00:00,-1.6476313062792687,-0.42298516456645885,647.0802873186767,11,16,9
2024-06-26 02:41:47.574000+00:00,-0.3370103261112588,-0.5064102943022664,438.06230415264145,2,26,6
2024-04-10 02:09:07.185000+00:00,1.0634172977835785,1.5017346518394266,652.9301960493904,2,10,4
2023-10-14 11:44:31.376000+00:00,1.3458183166764313,1.3219919715701973,150.7380996576976,11,14,10
2023-11-25 10:01:54.148000+00:00,0.1841797297626757,-1.5212743201100294,671.449743009638,10,25,11
2024-05-11 19:16:34.703000+00:00,1.5200881278742795,1.3053354776479673,538.0361373042688,19,11,5
2024-05-02 01:52:56.329000+00:00,0.13903336335375452,1.6388949030000795,288.7220614259131,1,2,5
2023-10-11 04:56:18.029000+00:00,0.7476866624012107,-0.8637404839384019,947.0093168951572,4,11,10
2024-05-18 14:30:20.123000+00:00,-1.527752030214884,-1.4664514843643592,192.0867274790071,14,18,5
2024-07-12 15:25:33.775000+00:00,-0.2410883277380488,0.3799293046754058,325.18251618463546,15,12,7
2023-10-30 06:24:57.233000+00:00,-1.1289663243826114,0.5184260217150043,8.703122036764398,6,30,10
2024-04-08 01:13:34.624000+00:00,-0.31665493544139167,0.24994411496063856,980.6810773904436,1,8,4
2024-03-10 19:58:39.179000+00:00,-1.0417800649609392,-1.0510643541433533,514.1918807297479,19,10,3
2024-01-11 19:29:22.589000+00:00,0.7173573314005584,0.620949775334781,852.1837804769166,19,11,1
2024-03-09 17:28:34.706000+00:00,-1.6662365174327824,-1.184485463532259,837.0091754482128,17,9,3
2024-04-28 22:43:19.832000+00:00,-0.8788060485677792,-0.8484388043963129,256.5746427932754,22,28,4
2024-06-02 06:25:48.476000+00:00,-1.6551916239859747,1.195514386883978,139.02095784596168,6,2,6
2023-08-22 19:13:01.343000+00:00,-1.121038932206111,-1.1688504144458995,199.2832614807412,19,22,8
2024-04-03 16:20:19.492000+00:00,-1.527483129500253,1.515225071031939,277.9921335815452,16,3,4
2024-02-07 09:01:56.817000+00:00,1.5641910466641564,-1.1273330405504038,375.7706332122907,9,7,2
2023-09-09 09:35:02.037000+00:00,0.11757516726615483,-1.623595343662468,385.15670509519987,9,9,9
2024-04-12 21:05:29.091000+00:00,-0.7316130241747661,1.4323452159704342,856.4031694671139,21,12,4
2023-09-08 10:32:29.386000+00:00,0.767294269583525,-0.31409739564505756,130.00122123840265,10,8,9
2024-05-01 01:06:20.104000+00:00,-0.27289151752204305,0.36410071195374877,528.2487816268113,1,1,5
2024-01-18 21:58:13.979000+00:00,-1.351960677672282,1.557089033773399,589.0237392149866,21,18,1
2024-05-19 19:00:21.107000+00:00,-0.3759921280989811,-1.1454907836004986,946.8989687711,19,19,5
2024-06-29 18:59:49.744000+00:00,-0.16812113587985925,-0.557637023589284,650.1338169868104,18,29,6
2023-08-31 23:36:11.361000+00:00,-1.4616159887671258,0.6929158900734783,854.5263165475335,23,31,8
2023-11-19 07:07:54.032000+00:00,0.48694700046634143,-0.617406981187796,444.3775262038689,7,19,11
2024-01-10 00:17:37.218000+00:00,-0.0708728462077463,0.7305085273593844,506.9526466540992,0,10,1
2023-10-17 19:38:08.162000+00:00,0.976532368290744,-0.3081077810474319,661.8265611487441,19,17,10
2024-04-14 07:15:23.309000+00:00,1.5771123436977714,-0.25419804919773736,234.4971531520132,7,14,4
2023-08-23 03:37:14.545000+00:00,-1.5047011658123741,-0.6985318582257997,194.81855134456416,3,23,8
2023-12-19 13:49:10.495000+00:00,-0.13626022588325698,1.7535955524627347,52.16644706693478,13,19,12
2024-02-11 10:56:45.138000+00:00,-0.3139718735466474,-1.4451083216413327,281.8043891747948,10,11,2
2024-03-10 01:41:06.695000+00:00,1.4717066287548075,1.4394460851209887,669.6393135127146,1,10,3
2024-03-22 14:51:35.725000+00:00,0.657367311764505,-0.08121714731717052,766.7990385312587,14,22,3
2024-02-20 21:03:03.599000+00:00,-1.2762084677473884,0.7045709020484598,809.4559006567579,21,20,2
2024-06-01 23:59:56.126000+00:00,0.6581896054186948,1.6767847374420008,641.9008997008204,23,1,6
2024-01-12 19:02:52.017000+00:00,-1.3077954429394552,1.3464003466768113,199.9390524066985,19,12,1
2024-07-06 02:49:33.968000+00:00,-0.12662143179041685,-1.4147182263241038,627.8533585397527,2,6,7
2024-05-06 22:31:23.027000+00:00,0.4646864177281843,-0.2808109609095463,256.2696282097604,22,6,5
2023-12-04 12:32:00.600000+00:00,-1.6764928959608312,-1.524890370026784,407.66987253702246,12,4,12
2024-06-24 04:18:15.558000+00:00,-1.3342505810897098,-0.5732346529076482,845.5923050269485,4,24,6
2023-09-30 21:31:38.669000+00:00,-1.0634588138345655,-0.1724602450006745,266.20392941636965,21,30,9
2023-12-28 06:04:15.061000+00:00,-1.1466745391502045,-1.328140031639456,842.2677033089567,6,28,12
2024-05-22 14:58:59.973000+00:00,-0.1712898852969484,1.2267914317274602,642.0225648714695,14,22,5
2024-03-25 22:57:12.954000+00:00,0.9654552616783715,0.9040734214119521,660.7894649521913,22,25,3
2024-03-01 00:50:25.799000+00:00,-1.681604043214078,-1.1250494975436949,249.55259925150312,0,1,3
2024-01-08 13:04:40.590000+00:00,0.3729723744795557,0.5022300935261547,980.5138114185538,13,8,1
2024-07-01 06:00:57.083000+00:00,0.2905984232039503,1.083325671922708,60.75635803490877,6,1,7
2023-10-24 06:42:20.370000+00:00,1.3987329890971243,0.46244619415928745,568.0416064052843,6,24,10
2024-03-17 05:24:24.227000+00:00,1.5915409291280784,0.8635115330881155,997.1632801031228,5,17,3
2023-11-07 16:45:56.816000+00:00,0.3854383450872395,-1.2226004630107146,510.9568742937408,16,7,11
2024-06-14 21:46:28.413000+00:00,1.3098082567077727,-1.0020003157693291,3.3269985367078334,21,14,6
2023-11-23 18:00:01.701000+00:00,-0.005033445024291705,0.15081728740459927,218.13221160299145,18,23,11
2023-09-20 02:59:42.002000+00:00,-0.4839914224426379,1.2498580282218885,774.4729025543202,2,20,9
2023-12-17 08:11:45.700000+00:00,0.7376781472427174,-1.1224503650265816,19.37563171540387,8,17,12
2024-08-05 00:16:12.841000+00:00,0.3460793229542056,-0.5656655071704406,899.5899019709323,0,5,8
2023-10-19 23:10:39.817000+00:00,-0.5236081342444917,-1.035384268638883,326.2655748720281,23,19,10
2024-04-19 04:00:51.316000+00:00,-0.8664710950226946,0.9242739469370915,223.92644013883543,4,19,4
2024-04-23 04:42:25.203000+00:00,0.15398992704519954,-1.2087418020516678,436.1602357693482,4,23,4
2024-03-24 01:46:32.075000+00:00,0.2539273146666759,0.5975756274579836,52.60006498126313,1,24,3
2024-01-02 21:44:33.582000+00:00,-0.2768954389710403,-0.6031397944309761,930.8871621063444,21,2,1
2023-11-21 08:40:36.004000+00:00,1.0164552045791502,0.8047107229553763,976.191519527696,8,21,11
2023-10-07 07:49:48.684000+00:00,1.5517152779374654,-0.44384456402859135,589.373588655144,7,7,10
2024-06-22 21:48:55.650000+00:00,-1.5890946450719456,1.7493919493322097,433.92436649720185,21,22,6
2024-04-22 19:41:59.532000+00:00,-0.3468258832181857,1.189616885920286,694.2324652657844,19,22,4
2024-07-01 00:43:05.148000+00:00,0.27525593010202853,-0.6650361885325115,189.6677232491784,0,1,7
2023-11-18 05:47:13.555000+00:00,1.6168818684259,-1.6004269687774126,537.2809003463481,5,18,11
2023-11-11 03:29:38.039000+00:00,1.5105509298723299,-1.5993602349615177,905.4630339650904,3,11,11
2024-03-18 19:30:56.251000+00:00,1.3249190885226834,0.5179065603300262,558.3569505705964,19,18,3
2024-07-14 07:52:30.719000+00:00,0.9533934726774483,1.7282280422242087,691.2372108863201,7,14,7
2023-09-10 08:20:58.843000+00:00,-0.21681311568403663,1.3362481235640604,843.9950007193256,8,10,9
2023-11-03 01:51:48.087000+00:00,1.300814496186603,-0.2121046319276959,896.9728590785526,1,3,11
2023-10-16 04:13:34.884000+00:00,0.6361294414553009,1.1431416006620396,784.3997173677199,4,16,10
2024-02-14 23:03:54.126000+00:00,1.6216969922493707,-0.8962038583786966,451.9806704900693,23,14,2
2024-07-06 01:13:23.784000+00:00,-0.5053792618204551,-0.2906701910882298,360.3421362733934,1,6,7
2024-05-20 23:19:28.158000+00:00,1.1554475219567943,1.205807515181531,913.8266302847768,23,20,5
2024-02-05 10:19:45.482000+00:00,-0.6905775146817612,0.7200570614203297,666.4448691115249,10,5,2
2024-04-24 12:59:10.576000+00:00,0.7248144287376377,-1.2174476737386346,481.271098326426,12,24,4
2023-08-26 01:53:54.388000+00:00,-0.3286799875626221,0.9177508022001853,553.1416458962485,1,26,8
2024-01-26 02:01:18.148000+00:00,1.3334070768256963,1.573451850976574,717.9600900863297,2,26,1
2024-03-16 11:25:27.304000+00:00,1.293558100209648,-0.6697167316917875,912.1838821794372,11,16,3
2024-05-30 00:29:58.973000+00:00,-0.9646465316079945,-1.3930239107745555,118.4595291200094,0,30,5
2023-10-13 07:39:40.660000+00:00,1.3586234883480133,-1.2397816173576965,723.0717794129159,7,13,10
2024-07-31 10:23:10.143000+00:00,1.3173553210827773,1.4899170070462238,294.4224565150216,10,31,7
2024-07-18 23:32:36.207000+00:00,-1.0057776387109483,-1.6756424728176011,838.8262453800999,23,18,7
2023-12-15 21:02:52.947000+00:00,-0.7499324812540401,1.6909491120097506,835.4786585788243,21,15,12
2024-04-12 21:28:26.855000+00:00,0.9146973198707847,0.6511443568713684,60.50444227573462,21,12,4
2024-07-24 23:33:04.319000+00:00,1.3056483403117476,0.604293127114276,544.0609565665945,23,24,7
2024-04-22 15:24:50.565000+00:00,0.2029953785553107,1.5538056956030046,262.05742471828125,15,22,4
2024-07-29 15:47:48.181000+00:00,-0.10459796869860889,1.2119070185743797,790.228888375219,15,29,7
2023-10-14 16:56:48.030000+00:00,-1.1447638268825664,0.24372836893201857,840.14833879238,16,14,10
2024-03-18 22:06:08.958000+00:00,0.18141641519102517,0.314605330315452,129.41189560270868,22,18,3
2024-02-01 21:49:25.399000+00:00,0.9855548374493331,-1.71029185994912,438.4816431198269,21,1,2
2024-06-25 13:28:37.143000+00:00,-1.516622596778092,0.11650930388490581,678.7808113538194,13,25,6
2023-10-17 21:50:12.996000+00:00,0.007354094447025243,-0.6762103762226909,810.3284980976023,21,17,10
2023-09-14 17:08:26.437000+00:00,-0.6825124744714937,-0.6234797812339017,664.90021192329,17,14,9
2023-10-12 19:01:09.336000+00:00,-1.5743640659111773,-0.7498278601294622,678.146453153342,19,12,10
2023-09-26 12:10:23.020000+00:00,0.5230313154137488,1.4016498139046907,175.48837704840116,12,26,9
2024-07-16 16:37:42.830000+00:00,-0.7987942721593135,1.7608315105652175,336.7983944450971,16,16,7
2024-06-15 08:06:20.513000+00:00,1.3018800520005118,-1.0489650367803196,661.3337950061541,8,15,6
2024-06-19 14:27:13.602000+00:00,-0.06073002550715004,0.7224923234846354,553.7220530339982,14,19,6
2024-07-27 19:32:55.260000+00:00,-0.833355950645846,-0.7617578145766151,214.95244179782455,19,27,7
2024-06-01 23:49:31.247000+00:00,-1.4913670209600047,1.0668659107374927,369.6883120490238,23,1,6
2024-05-25 02:41:30.033000+00:00,-0.6980972277684201,-0.6225112818208841,593.3939495116938,2,25,5
2024-05-18 10:31:44.345000+00:00,1.4139420173679615,-0.7641431497795862,166.33193061104976,10,18,5
2024-01-07 04:54:28.653000+00:00,0.2139320151942324,0.2307907566059216,357.7278929282911,4,7,1
2024-03-15 11:08:32.212000+00:00,-1.3911698004045616,0.2317030808895599,702.9903539549559,11,15,3
2024-02-05 06:17:17.364000+00:00,0.04470270099549865,0.9011196619208395,606.306979023153,6,5,2
