timestamp,temperature,humidity,energy_consumption
2024-05-19T05:45:31.258Z,792.2084541630466,200.57736104843207,932.6809113163035
2023-11-02T13:38:08.470Z,826.2231710623018,977.5859503946267,225.77565346029587
2024-05-21T21:38:13.259Z,725.2778582549654,607.3704106418882,943.0002307523973
2024-02-05T10:43:15.451Z,125.76480283192359,492.7918133784551,105.4750564924907
2024-05-30T09:59:56.777Z,875.2199601505417,843.4884519933257,580.2630149258766
2024-05-10T04:59:10.722Z,300.515852823155,481.071833175607,457.20948677137494
2023-12-16T05:03:18.833Z,289.9308506285306,708.1499830863904,38.825618773233145
2023-12-12T22:16:03.139Z,783.5381429698318,879.3334340984002,552.6667504762299
2024-04-19T17:14:14.680Z,999.1677806091029,72.38575627584942,41.613503131084144
2024-01-17T08:07:27.377Z,876.6452525604982,383.3381360704079,711.2910362877883
2024-05-08T16:41:21.545Z,786.7720233998261,489.5516579246614,137.79909687885083
2023-09-19T08:49:43.663Z,483.26726671354845,43.629482571734115,758.7942524824757
2024-03-30T20:02:39.289Z,48.306734076701105,468.13665942195803,228.21619787579402
2024-05-11T08:48:24.583Z,332.88325339602306,480.8891117768362,859.4078431276139
2024-01-11T06:14:38.895Z,780.2351712202653,88.80875865835696,437.373671811074
2024-05-02T15:12:08.758Z,47.429593302775174,528.2082991404459,657.9123062973376
2024-05-06T09:16:18.803Z,110.66779848118313,988.1401380309835,920.5549313982483
2024-06-14T20:09:42.121Z,712.200854728464,251.8973587246146,983.428182234522
2023-12-08T12:00:06.062Z,705.4847054551356,362.12041191384196,862.4547135203611
2023-08-17T08:16:53.233Z,970.5961067636963,48.496888138586655,141.02305887290277
2024-01-10T21:23:39.320Z,489.0423087209929,420.379041462671,510.0260543639306
2024-02-04T20:21:21.483Z,693.9665126937907,918.8837944972329,492.94585732766427
2024-04-10T00:39:25.491Z,585.1935784746893,85.58624179451726,7.734182349173352
2024-04-23T06:19:33.382Z,55.45323256729171,370.19418065901846,263.35264215106145
2023-09-14T06:32:38.193Z,928.7107008742169,205.89044821518473,111.54872013255954
2023-09-30T07:19:02.157Z,417.466027622344,529.394250726793,529.4754417845979
2023-11-09T15:33:26.462Z,182.95455029746518,716.893155079335,618.3350629410706
2023-10-23T05:45:28.747Z,31.369606094434857,837.4234137779567,596.6264224923216
2024-05-19T14:45:39.009Z,750.2524255299941,767.2999265242834,607.6257281440776
2023-11-13T06:16:20.102Z,882.4942548575345,567.8044675851706,594.3857814760413
2023-09-04T22:17:06.484Z,468.5870611292776,104.74427626421675,680.5378940771334
2024-05-12T22:35:39.628Z,592.5754036158323,822.0610958014149,697.7464497513138
2024-05-27T12:04:40.575Z,987.8568122631405,186.23069956502877,623.2422569224145
2023-10-12T08:48:26.249Z,163.9578105485998,392.0232935168315,181.45812505693175
2024-06-26T00:02:53.053Z,119.04530415008776,293.6660712216981,652.7786753212567
2024-01-20T18:15:55.313Z,815.3909936845303,326.643065771088,440.3415117471013
2024-03-09T06:05:41.939Z,109.80583424936049,427.8627595647704,577.3061275556684
2023-09-03T02:48:36.520Z,264.02927639964037,238.3121482823044,804.6540285933297
2024-03-25T12:38:25.685Z,804.243706978159,640.8716290250886,595.8486758810468
2024-04-12T17:40:27.457Z,849.9177781580947,702.033616813831,422.6113089576829
2023-08-25T02:21:58.309Z,928.8568078882527,256.8819719576277,487.67584076314233
2024-03-08T02:04:15.227Z,784.300152478274,19.312327429419383,775.6591302342713
2024-07-09T10:22:11.114Z,685.4908854048699,910.5519298689906,633.1709434504155
2023-12-14T10:47:10.298Z,355.8557584879454,146.01078705582768,745.4077980343718
2024-05-08T16:26:19.911Z,947.5231677968986,583.0427883653902,633.6416067532264
2023-09-12T18:46:04.060Z,793.108789358288,283.59851426281966,431.35500801727176
2024-03-02T18:50:19.108Z,435.28057735669427,504.246653938666,763.2566931617912
2024-06-20T02:00:53.987Z,613.4511264150497,630.6616975492798,594.3431872341316
2024-07-26T11:14:37.410Z,988.3000283262227,214.59782573068514,627.8072323000524
2024-06-09T09:59:06.162Z,152.79156246851198,249.79885916225612,253.27035360969603
2024-08-04T12:41:10.694Z,111.4055017507635,102.18740386748686,713.1548848962411
2024-02-21T15:33:09.557Z,949.1508068135008,832.8633085333277,887.9111467066687
2024-05-12T12:50:52.672Z,562.3711452591233,590.3886838897597,951.0939933729824
2024-04-16T15:21:22.666Z,564.0599316821899,201.8196673633065,208.22878356929868
2024-02-29T21:40:17.429Z,163.03826068062335,999.0957822820637,118.82606675545685
2024-03-23T09:22:12.764Z,753.9275421504863,745.5118971855845,623.6483924747445
2023-11-04T21:36:37.932Z,822.1563439080492,944.9508578833193,499.9463385869749
2023-12-03T08:38:42.802Z,398.25946254935116,780.8232557140291,590.9507669718005
2023-11-12T21:30:07.033Z,265.0416630327236,937.3769706804305,209.1385873563122
2024-07-15T09:06:15.590Z,484.90573478653096,823.9750890093856,724.0830453897361
2024-02-29T06:31:28.386Z,31.868132521864027,419.11363818496466,239.82872579735704
2023-11-18T16:51:18.124Z,701.1991477368865,979.5128402209375,835.4284358264413
2024-07-28T05:23:50.123Z,205.49773169588298,604.6497291419655,487.6916818371974
2023-12-31T12:51:15.758Z,251.66178668336943,81.51506785233505,484.44699933216907
2024-04-04T19:32:53.793Z,878.1955239621457,416.2790139943827,887.7110609507654
2024-06-27T22:00:27.039Z,131.09738355618902,329.24365981132723,682.9122176626697
2024-05-03T11:29:01.651Z,775.4335917648859,389.20979851158336,368.22124181548133
2024-03-01T22:40:05.724Z,973.4868830901105,260.33228395483457,263.49411349068396
2024-03-21T06:11:16.629Z,685.1377709892113,962.2619317413773,690.756410040427
2023-12-12T03:53:32.887Z,733.2415838118177,544.7470303322189,21.66738051874563
2023-09-19T20:03:33.395Z,682.4299672672059,616.5736304060556,228.83435447560623
2024-04-20T12:23:53.930Z,539.1764836700168,381.19531848374754,304.4682660435792
2023-10-29T08:00:16.406Z,858.9110044299159,189.16137595288455,350.59567245445214
2023-10-29T04:06:11.670Z,853.745199826546,518.3468852497172,934.9592024753802
2023-09-26T12:45:46.171Z,332.12125877384096,52.18909860495478,416.0885515077971
2023-09-30T01:27:54.524Z,792.0466544723604,94.7703748147469,697.2027872530743
2023-12-25T19:06:35.822Z,440.9999994121026,224.85684441635385,555.8674429198727
2024-01-07T13:18:28.553Z,808.7672711063642,893.6158697432838,613.614301689202
2023-09-30T20:28:25.461Z,858.8083350574598,270.5462842641864,871.2864952783566
2023-12-18T16:12:34.334Z,777.1296857134439,75.73214310500771,901.0196102503687
2024-08-02T03:17:59.406Z,364.4979076683521,643.2285861601122,183.87513917987235
2023-12-25T03:40:52.531Z,820.2115680077113,363.7598017719574,447.8169630903285
2024-03-16T04:50:40.397Z,225.80162323871627,338.58907941146754,182.19946987787262
2024-05-07T13:12:52.174Z,121.27576575567946,653.9037732721772,624.3674616357312
2023-11-06T08:25:39.056Z,15.144418382784352,659.906453409465,843.8271095245145
2024-01-06T05:24:23.946Z,512.0016869227402,566.7021572419908,266.9645500832703
2024-05-04T08:39:37.531Z,290.211719233077,643.934861510992,841.8680530488491
2024-08-09T06:08:00.043Z,313.78516891924664,4.731151527026668,606.8746244492941
2024-07-11T19:46:21.980Z,293.3326383025851,558.5724375580903,250.09133300208487
2024-01-15T10:57:30.185Z,427.5187332108617,234.2513668104075,435.74878442659974
2023-08-19T11:49:01.750Z,19.389381269924343,468.1545652667992,609.9959689402021
2023-12-09T19:36:43.960Z,31.711053403792903,71.72742305579595,302.80659098899923
2024-07-22T15:39:03.701Z,976.9409657304641,682.7417704504915,765.8690303678159
2023-09-06T03:01:42.348Z,171.46443185955286,275.9990496740211,5.699240371817723
2023-09-09T23:57:24.250Z,822.4133328581229,362.48454704647884,416.69149830401875
2024-02-02T00:06:56.508Z,72.1608655913733,455.19033167278394,470.29268949478865
2024-02-14T04:05:59.463Z,799.4991960939951,461.69186364184134,781.3630710444413
2024-02-02T21:14:41.373Z,319.5471477683168,979.1177635316271,188.41060138400644
2024-02-27T16:29:39.234Z,151.5738503485918,15.693358990596607,129.73286407021806
2023-11-27T01:29:10.443Z,618.4288919684477,879.0177500206046,570.7276392045897
2024-04-02T19:15:51.800Z,275.28171755350195,717.780684834579,317.82986741536297
2024-01-09T21:35:34.962Z,68.88683273131028,220.84299513557926,647.8979498080444
2024-08-12T07:54:07.895Z,775.4229394828435,543.5411488348618,487.84132782695815
2023-11-11T05:22:36.395Z,815.8969402147923,516.1694861832075,235.85672970185988
2024-07-29T16:45:14.394Z,779.802279708907,22.943735897075385,233.9520071449224
2024-08-07T08:50:09.587Z,382.4454521802254,86.25977853802033,695.8369456811342
2024-07-07T04:59:54.063Z,874.9264863727149,118.92959232046269,180.98285189806484
2024-07-23T14:59:42.999Z,95.37563805258833,213.4114901253488,940.3357365105767
2024-03-07T16:54:29.209Z,840.1204721787944,204.37162380525842,103.40460729598999
2024-02-14T00:22:24.116Z,637.5277747209184,498.3501558660064,258.07097685546614
2024-08-15T23:48:21.947Z,320.1624385304749,860.9955090470612,595.5640738490038
2024-02-11T16:58:02.638Z,796.3801722314674,236.91008169436827,451.5315938924905
2024-08-12T01:43:41.690Z,393.23562239296734,492.2077379405964,139.36927097756416
2024-05-13T00:08:56.447Z,129.06182100786828,243.05092167621478,876.452076587826
2023-10-05T01:17:33.725Z,56.47663828916848,305.69743011682294,891.4707347846124
2023-12-26T13:29:55.946Z,158.74052995583043,194.1447352510877,564.1542907999828
2024-05-22T15:57:47.358Z,135.37712609651498,586.5675030532293,749.4271084791981
2024-08-05T18:50:03.017Z,712.4307818533853,480.41600061464123,175.8679401613772
2023-11-23T05:17:36.241Z,351.1042657152284,957.2516846011858,278.79126290977
2023-11-06T16:42:35.178Z,560.6106040389277,735.3928835429251,183.6131207672879
2024-02-10T03:58:03.183Z,486.93245024443604,510.95623837132007,582.5914783636108
2024-03-10T05:02:06.839Z,201.75501587078907,825.5554646155797,699.5717822553124
2024-05-12T02:54:51.378Z,156.32433504238725,63.222900605760515,446.65652236691676
2024-02-07T18:23:19.111Z,523.541773651028,912.2947727215942,213.80215047998354
2023-09-22T17:08:40.776Z,495.6969279644545,545.5834053156432,490.64383467892185
2024-05-31T22:20:55.936Z,922.6473278265912,116.1941106216982,983.4199957218952
2024-06-20T01:37:57.553Z,206.7256476492621,526.9763904130086,865.5011261606123
2023-10-06T05:05:55.717Z,629.8587347764987,565.316280857427,695.7843890422955
2023-09-16T05:12:07.876Z,146.59449336095713,750.3781965172384,646.8799422162119
2024-04-13T14:32:45.040Z,302.8480299175717,113.21488990727812,973.9985461768229
2024-05-13T17:23:18.980Z,674.9696310602594,175.08016439760104,211.8252158386167
2023-10-28T15:58:35.860Z,168.96789556811564,675.8295958812814,841.688862252282
2023-11-10T07:42:55.470Z,110.27521198405884,657.5159345034044,959.7307609377895
2024-05-13T00:18:35.848Z,828.7437940202653,406.87957518035546,689.6198561820202
2023-10-03T10:31:34.941Z,174.0625750166364,438.89321355265565,528.5934187825769
2024-02-08T08:12:14.542Z,669.4579997959081,307.39369990932755,823.4414058877155
2024-02-02T12:06:51.448Z,630.5396955769975,709.1445373755414,898.5596611297224
2023-12-17T13:39:37.039Z,144.95740761677735,159.47577024716884,426.09394553815946
2024-06-30T10:39:22.805Z,619.5002133050002,298.10979708097875,424.73444690858014
2024-08-04T22:56:15.261Z,230.26376921660267,942.3151343627833,905.1734675979242
2024-05-09T19:25:41.530Z,54.1328210697975,801.4881081271451,756.8321573489811
2024-06-17T19:37:40.260Z,728.5409480857197,125.00072855269536,4.658808722626418
2024-05-02T04:38:52.137Z,662.4943613323849,904.3085742618423,638.1606794176623
2024-04-30T07:40:00.664Z,945.5081745709758,179.9394592787139,931.230237135198
2023-09-05T23:57:58.476Z,32.79120740969665,165.6834002258256,217.60140013392083
2024-02-22T17:09:16.592Z,754.2863070648164,296.1874864078127,953.2749609551392
2023-12-19T05:30:55.283Z,699.4623166073579,699.892408338841,510.7739668167196
2024-02-12T08:00:39.481Z,759.5573521768674,901.7698105352465,842.5759098322596
2023-12-07T01:17:02.323Z,538.8798360950314,16.49157839617692,958.3130854084156
2023-12-11T00:08:00.677Z,272.35663514304906,362.92538502952084,258.14998381980695
2024-02-16T21:36:41.154Z,420.6106823682785,8.325629974715412,326.5153807364404
2023-11-30T18:09:18.384Z,313.9126190301031,455.6043232162483,381.13886490114965
2023-10-25T16:42:42.087Z,774.7544366212096,991.2945579309016,804.1269966061227
2024-02-14T02:02:35.849Z,467.73299568658695,218.2378345024772,958.1488336715847
2023-11-13T04:57:40.255Z,853.9657548877876,444.174483199371,749.052045901306
2024-06-07T08:50:09.747Z,829.0628372756764,538.1774539663456,23.675084827002138
2023-10-09T08:10:11.309Z,350.9735324862413,402.1691798826214,994.7727451478131
2024-07-30T11:38:55.265Z,773.009763921611,392.7680061215069,293.16319568036124
2023-10-18T16:02:19.739Z,42.27289955574088,664.5612403850537,601.0139164347202
2024-06-21T05:54:08.222Z,220.6443828868214,403.61178547819145,695.0731535430532
2023-11-05T11:19:43.044Z,885.3777573851403,932.7009800882079,882.5125119250733
2024-06-27T04:27:04.188Z,618.123250068631,114.71280563459732,441.18939357693307
2023-10-30T11:34:50.667Z,638.7587086309213,370.5265710747335,31.56761777563952
2023-12-04T06:04:33.822Z,639.7084420192987,551.5696705600712,401.1528228048701
2024-04-23T15:07:20.444Z,900.317403500434,328.22727435664274,122.76006846339442
2024-07-20T11:20:36.575Z,204.02333044447005,82.84659915347584,934.373072733637
2023-10-15T06:20:36.467Z,330.87334824725986,817.7144257989712,900.0156597073656
2023-12-20T21:58:24.900Z,135.45160321844742,430.33672154066153,8.351981678744778
2024-02-01T04:58:13.886Z,656.9240163324866,683.6324374850374,447.14238081965595
2024-06-05T17:29:20.063Z,189.64589720079675,591.9887470400427,759.5499462625012
2023-10-01T22:25:36.876Z,777.3239183779806,428.68176507391036,491.63535170583054
2024-05-31T20:00:50.014Z,654.0887166778557,42.86148320441134,404.5002993547823
2024-06-23T19:42:18.474Z,766.5375171802007,59.96259869239293,872.2126074284315
2023-10-19T03:02:01.780Z,72.34546475228854,975.8181170003954,763.6082875507418
2023-09-02T05:44:30.192Z,691.5421719723381,208.2374385339208,476.25367414811626
2024-06-19T21:18:06.522Z,140.2850590411108,780.0398206906393,866.7309591851663
2024-04-12T10:16:51.438Z,888.3538766403217,816.7436448670924,128.7190520777367
2024-05-13T15:50:44.139Z,854.7264325411525,550.5992287558038,915.3078710748814
2024-05-20T17:17:29.745Z,80.81352074979804,319.2843843449373,282.53501798189245
2024-06-10T05:03:54.515Z,499.67181455297396,266.8265370079316,444.6477155450266
2024-06-26T22:15:51.585Z,101.87646199390292,462.185918841511,602.9748504399322
2024-01-10T00:41:56.318Z,853.3092524451204,951.9230368733406,739.8671699636616
2023-12-28T11:35:33.984Z,59.59156819758937,629.9851179611869,932.8682846713345
2024-07-02T01:10:32.224Z,677.073664589785,884.8872611646075,554.6589947056491
2024-07-14T07:54:51.436Z,606.4460152962711,331.0369284742046,41.823566402774304
2023-09-08T07:39:37.000Z,869.7652225438505,233.17810444510542,743.1817260147072
2024-08-15T07:48:02.008Z,384.5160688471515,260.6501949240919,57.595114645548165
2024-03-12T05:39:41.596Z,886.7299845418893,379.15675333025865,562.4292426104657
2024-03-12T04:24:18.044Z,800.9683836654294,87.86035200790502,793.3182087992318
2024-04-10T09:34:11.761Z,811.8747760273982,799.8324961997569,765.508502594661
2024-08-02T21:53:21.061Z,498.12357931258157,171.97774894931354,415.71748309955
2024-05-02T11:21:09.519Z,249.74230114324018,56.34075139043853,988.1561300610192
2024-07-31T06:09:36.544Z,804.978792359354,324.59198150550947,749.2590726085473
2023-11-03T02:55:15.128Z,32.80068018822931,86.59325890708715,450.14969167415984
2024-06-13T03:18:47.603Z,178.0254183881916,835.7317847770173,859.3453887540381
2024-07-24T07:20:17.566Z,575.7744293219876,284.7283830274828,363.54853689996526
2023-10-29T08:42:13.586Z,762.6716789591592,915.9638976224232,603.5404078355059
2024-05-18T15:00:33.076Z,687.4329503776971,114.1281042760238,880.5323553388007
2024-03-20T23:53:10.150Z,834.5969253936782,758.1169292791747,640.7783449743874
2024-01-08T19:36:54.712Z,339.06101828068495,969.8248521899804,799.4802621668205
2024-08-05T01:45:45.599Z,907.1717500665691,601.2734137196094,471.3641348059755
2023-11-22T13:17:17.470Z,946.3249415587634,561.6759766864125,624.070074864896
2023-10-20T12:23:38.754Z,342.1288945819251,169.38846590812318,394.1726910630241
2024-04-03T06:33:03.642Z,7.3691000782419,730.7168585262261,101.08529425621964
2023-12-12T01:17:15.339Z,124.7422137609683,422.0970149571076,74.1836571241729
2023-12-07T13:03:35.098Z,616.2766276542097,95.50619101827033,877.9101015576161
2024-02-29T04:44:16.382Z,973.7996985390782,746.7791763646528,475.388123258017
2024-06-14T08:02:17.120Z,367.7142651095055,121.6672215948347,152.26302999281324
2023-09-08T09:01:40.663Z,218.30616313382052,909.6775372382253,994.57018873794
2024-07-07T02:55:28.103Z,102.22520496626385,944.0776080056094,500.7379480279051
2024-07-30T04:58:00.391Z,799.819634005893,294.9991716276854,782.1328172213398
2023-12-28T11:42:17.890Z,477.3297228026204,119.7599420901388,5.506715440424159
2023-11-16T18:43:14.192Z,835.9188631980214,598.4493864527903,339.4030124275014
2023-09-11T16:08:14.511Z,844.2498837288003,934.5564961126074,996.1338286988903
2023-10-26T08:14:25.251Z,861.495751348557,320.1608826837037,336.9433666144032
2024-06-08T01:05:56.764Z,73.69675756362267,964.31762818899,344.3436372273136
2024-05-24T18:27:16.052Z,719.1281700197142,235.7966434066184,994.1887627490796
2024-07-03T12:22:59.166Z,93.77441586740315,379.6450475472957,33.80434579891153
2024-02-27T15:12:46.008Z,876.6939643574879,347.6724408247974,901.5219426758122
2023-08-23T17:22:02.244Z,309.90936527750455,404.291048547253,182.27216041600332
2024-07-12T05:08:53.350Z,629.6825023915153,770.2230416224338,148.29186613229103
2023-11-29T05:45:56.443Z,603.332383051049,863.6542025320232,248.35117804980837
2023-12-11T01:03:56.661Z,531.5436671134084,771.8014508467168,630.2366785435006
2023-10-19T02:48:25.392Z,181.7372263832949,577.7814597943798,377.4417091726791
2024-05-14T13:53:48.467Z,981.3492406592704,54.745224595302716,139.74970772792585
2023-10-09T20:00:51.116Z,529.9788155504502,129.07368628750555,873.1629311500583
2023-11-02T23:06:29.816Z,955.9658759825397,280.96523185633123,944.7727468058001
2023-11-03T23:08:32.847Z,362.9530311403796,726.0967681664042,388.430839833105
2024-06-23T10:34:24.048Z,594.5672152133193,347.1770002725534,702.7931833474431
2024-08-08T14:25:11.477Z,64.67153071728535,489.1105036085937,35.72411045641638
2023-11-16T15:51:53.077Z,410.88555986387655,736.1343167510349,161.1345148019027
2023-11-16T13:53:26.563Z,206.84123271307908,479.8671481614001,970.5830129024107
2024-03-06T01:04:25.927Z,836.1757865555119,724.4986437188927,209.5474554677494
2023-11-30T09:05:31.967Z,55.21306276507676,396.982731990749,514.2328453913797
2023-10-27T10:40:10.980Z,914.3663167560007,771.2960695291404,949.0839258709457
2023-11-22T10:20:08.024Z,188.38079862622544,974.5109742777422,43.05448845028877
2023-09-08T10:56:22.450Z,623.8966052767355,531.247992262477,6.035751490388066
2023-10-31T15:20:39.420Z,344.7458946763072,820.960597860394,383.63146796356887
2024-03-05T20:09:28.612Z,478.4175353241153,128.8118555813562,23.995195706374943
2023-11-16T08:49:57.994Z,476.9950147822965,154.3327453432139,896.1355255595408
2023-10-11T18:32:34.276Z,39.408323279581964,38.726973342942074,807.3140460250434
2023-08-17T20:28:48.574Z,431.85772888106294,932.7138299543876,24.638499153545126
2024-04-24T01:29:17.713Z,754.3314654650167,966.1321583853569,914.8372147500049
2024-07-24T07:08:45.244Z,858.3420718074776,512.202407670673,152.65466632787138
2023-08-31T12:00:52.717Z,855.7429068482015,904.2206215856131,436.7366640889086
2023-10-22T04:33:39.070Z,218.9916912249755,306.6116518666968,167.72571229748428
2023-10-18T19:42:00.639Z,727.3118279734626,685.8006305627059,149.69645315012895
2023-10-14T16:39:19.364Z,736.7148683320265,47.797126456862316,182.19277850398794
2023-08-27T21:16:25.914Z,551.2962641585618,766.1336871373933,502.28831572504714
2024-03-22T06:22:29.927Z,78.52069687936455,256.49245086708106,262.6277594403364
2024-07-09T00:38:29.142Z,156.17902607144788,194.66235377220437,782.2990506915376
2024-06-15T05:31:02.642Z,270.47713595815003,101.94449359783903,43.667514640139416
2024-01-02T05:10:09.783Z,986.2687272024341,473.8302424189169,457.85747311031446
2024-01-21T07:18:04.975Z,26.26868302281946,687.1703834994696,658.1906702886336
2023-10-26T17:07:32.234Z,31.282509843353182,245.21244617458433,282.5116095705889
2023-12-11T06:10:03.462Z,611.0071223396808,459.1057420701254,442.839193117572
2023-11-18T04:40:48.370Z,44.8169825617224,675.4402171405964,54.06830471660942
2024-01-10T13:27:47.409Z,493.2081862583291,553.1698753624223,478.24990580184385
2024-05-29T00:12:25.249Z,190.9271617885679,339.11420525959693,226.16280856588855
2023-09-01T06:54:42.707Z,334.41504071466625,555.7246608915739,829.6527406843379
2024-03-05T07:44:08.441Z,978.7562639648095,664.4775326189119,160.96800314472057
2024-06-18T22:48:41.968Z,625.9712089027744,373.1061540893279,638.006240052171
2023-10-27T18:59:37.963Z,170.27275534323417,447.7586429102812,544.2662213454023
2023-10-20T23:07:20.889Z,681.4191471803933,75.5828108896967,579.73603713396
2024-05-10T19:39:17.066Z,519.3287522585597,368.08166614803486,236.46608200925402
2024-02-16T04:31:57.317Z,784.3006602392998,245.0351805901155,157.54262330709025
2024-03-06T19:00:04.279Z,477.26936553092673,112.96692807832733,283.6429239306599
2023-08-29T06:30:27.430Z,588.8711699359119,14.850941115990281,705.453523857519
2024-07-08T01:34:19.194Z,679.7773671471514,61.5025918292813,757.0638808268122
2024-04-08T06:13:32.688Z,150.89044494507834,350.9087563212961,805.2247038385831
2023-12-21T20:34:43.429Z,528.2662222760264,765.0937709249556,654.3953324647155
2023-10-05T03:56:23.912Z,993.6864719586447,197.99683043034747,286.65880903834477
2024-05-30T01:02:20.069Z,357.18611982208677,868.2262656302191,24.341548968805
2024-06-20T12:28:58.973Z,241.91568153025582,358.96201273053885,631.2343205686193
2023-11-10T04:01:43.326Z,240.9488214997109,268.9515192268882,397.2893231222406
2024-07-24T04:37:54.579Z,336.05095230508596,540.5773081856314,327.351348673692
2023-11-24T05:28:30.999Z,154.6462948708795,967.4725474764127,613.2954752149526
2024-01-22T18:44:11.685Z,52.66903325659223,727.4565975500736,588.0578995910473
2023-09-09T02:09:42.023Z,65.11540410178714,28.04602710902691,494.05399424606003
2023-10-30T13:38:40.525Z,863.0006110509858,331.98475595610216,1.891253646230325
2024-05-03T18:52:09.544Z,146.62527744891122,169.96454579615965,811.0740399134811
2023-12-19T05:53:02.435Z,79.72597757657059,331.15557685121894,3.4889964007306844
2024-06-07T07:08:52.241Z,217.0804552314803,712.7292876522988,272.40081849321723
2024-04-18T16:28:25.619Z,567.4118459657766,932.5151255968958,322.7793423293624
2024-03-13T11:14:45.476Z,911.9451642527711,275.8425341404509,88.4435438066721
2024-07-23T11:30:03.448Z,993.6848074886948,382.1879431414418,717.4094219745602
2023-10-04T18:42:14.099Z,432.1585301877931,880.9579011786263,11.089066674234346
2024-03-18T21:22:53.710Z,433.23861139058135,222.33081844379194,30.205576851963997
2024-07-30T00:27:21.828Z,601.8414557250217,547.4228325493168,413.72705359826796
2023-09-01T05:41:29.611Z,83.21011162176728,923.9872942874208,332.51681135827675
2023-12-07T22:34:23.528Z,148.24450851976871,288.16539322095923,736.4353476318065
2024-01-18T15:54:40.541Z,330.9006240624003,579.1543421021197,985.092626133468
2024-06-30T07:49:29.039Z,748.3416965997312,578.8010455623735,366.28016747673973
2023-10-13T11:33:57.126Z,306.5201937088277,163.54405137035064,279.73745220527053
2024-07-10T03:28:00.640Z,680.2584838608745,322.9636960995849,818.0606034500524
2024-03-30T19:42:08.593Z,547.692773708608,731.0216365577653,823.631169417873
2024-07-27T13:38:59.033Z,371.1338486096356,798.8393712241668,686.4372663609684
2024-02-03T04:53:59.848Z,688.1531888078898,388.2091664415784,280.51247346797027
2024-04-09T00:28:34.319Z,996.5092866930645,131.9906247507315,53.507304144790396
2024-06-23T08:42:58.014Z,446.29884438216686,533.4792277209926,931.4243209371343
2024-06-23T02:03:28.850Z,295.5994530855678,651.5455263822805,714.2146340264007
2023-10-19T06:32:15.344Z,14.00672479509376,306.5469333860092,321.7871363477316
2024-08-03T22:06:32.595Z,102.27138377306983,300.2592344013974,255.24399513122626
2024-01-20T21:26:36.369Z,788.5413628648967,528.2324858240318,229.14545498089865
2023-10-16T00:52:58.964Z,626.3590945980977,228.29347477760166,81.81256278115325
2024-03-28T01:00:20.589Z,273.5532006327994,704.6030527488329,960.5555111477152
2024-02-04T01:44:17.703Z,541.8707236831542,859.3013158878312,527.6213799617253
2024-05-19T15:52:39.408Z,613.6953971493058,822.5331621342339,736.3250181155745
2024-05-04T00:18:12.424Z,405.6842666491866,854.551842064131,81.38076471211389
2024-05-31T00:42:00.119Z,599.1663140857127,513.0868734149262,363.65378717775457
2024-02-16T20:15:37.702Z,167.1614158146549,678.6735835294239,710.8788352822885
2023-11-23T00:45:19.208Z,514.3871656667907,987.740303553408,542.6621784465387
2024-03-05T16:34:34.418Z,921.8167228971142,115.49252862948924,936.5150022618473
2024-01-14T17:35:24.149Z,574.6162575902417,699.2587821236812,736.2586119051557
2024-08-06T09:26:01.462Z,788.2890884398948,727.585847735405,697.4758831365034
2023-11-08T10:10:24.982Z,288.39241333841346,943.8216476030648,277.46834563603625
2024-07-03T16:36:50.062Z,648.9912837364245,490.3650282865856,671.624414895894
2024-07-06T00:37:10.447Z,273.3722593050916,168.25199299375527,30.884298665914685
2023-12-18T09:10:58.439Z,108.07699145912193,776.7333625324536,729.4282340784557
2024-05-20T15:19:03.702Z,432.21696620155126,408.27652996615507,23.98827592143789
2024-03-11T09:38:14.542Z,281.57642122125253,429.1617799717933,714.0813594337087
2023-11-28T05:19:28.163Z,370.9162824302912,748.0521058097947,541.8271197341383
2023-08-18T09:32:07.513Z,170.92210191418417,847.9918333766982,720.6488103207666
2024-01-21T20:38:53.832Z,806.1082266313024,572.8989807262551,997.3719682565425
2023-10-26T08:58:42.527Z,822.5876504979096,715.233403143473,593.1085894433782
2023-10-04T14:07:12.003Z,93.68609056947753,770.5457927195821,524.8217405756004
2024-06-29T09:20:09.353Z,261.1792837737594,121.23536653933115,832.9295179659966
2024-06-02T20:23:02.348Z,140.20749930036254,820.1464571345132,554.2669422531035
2024-02-14T11:30:30.745Z,276.2711746941786,440.49990294943564,935.1290709841996
2023-11-26T17:30:13.831Z,621.3335606644396,330.449050294701,620.818789373152
2024-06-03T11:12:51.402Z,625.8126216204837,745.6187435495667,562.6181213385426
2023-09-03T18:36:24.974Z,578.0948758109007,388.03152102488093,401.37626789393835
2024-02-29T20:48:11.856Z,760.6741994181648,620.5090579385869,283.42917258804664
2024-07-08T09:37:31.197Z,336.8477621679194,827.7784361063968,208.6315199371893
2024-07-26T07:01:12.628Z,146.8377797412686,726.1469660308212,788.1177099060733
2024-03-21T13:04:04.958Z,224.91356409084983,553.473360382719,465.89671387313865
2023-11-03T00:56:07.880Z,226.0836543671321,41.62010635039769,799.5433557191864
2024-06-17T09:57:32.447Z,351.8278582058847,611.6978622500319,608.958622003207
2023-09-06T08:14:23.915Z,419.02910330099985,952.0792239787988,163.43387071671896
2024-08-12T11:47:12.909Z,804.7169323458802,481.69612965988927,53.219638334354386
2024-07-25T18:49:23.022Z,912.3106510112993,762.7589450066444,73.83554798085243
2023-10-07T08:23:56.356Z,577.1019634297118,206.05161407683045,20.98069595126435
2024-04-24T17:36:44.542Z,809.5427852438297,408.32928408053704,84.7591483942233
2024-02-05T12:13:20.296Z,507.00069624511525,882.8372535943054,793.1682222862728
2024-03-24T06:51:01.533Z,70.5455803098157,874.7307785728481,53.01587962638587
2024-06-02T05:38:23.877Z,314.54543859604746,268.83392172679305,870.181997817941
2024-03-01T22:12:37.192Z,592.4274746631272,882.2369046830572,138.35419039661065
2024-07-25T11:00:43.424Z,251.62942116288468,261.9698697843123,660.2287518712692
2024-01-09T23:28:28.258Z,158.09790034452453,987.9860605876893,623.2796514402144
2023-09-17T08:42:57.191Z,105.13820671150461,323.223419934744,930.9977065429557
2023-11-18T04:37:23.704Z,235.4008693890646,857.8648780884687,401.1209752797149
2023-09-10T12:18:59.462Z,369.79649143107235,372.9494952755049,60.110469728242606
2024-04-12T01:41:21.907Z,646.8343693267088,620.8416297805961,3.4650716222822666
2024-03-16T00:19:07.889Z,777.3017620407045,115.7255223239772,688.6528268202674
2024-04-24T17:47:29.056Z,462.87598328781314,797.3666753799189,845.4231601299252
2023-12-08T17:39:54.951Z,177.27563701197505,947.233828445198,134.12762599647976
2023-11-03T14:14:12.351Z,723.2290425158571,371.50359679269604,639.6004440635443
2023-09-14T00:12:00.958Z,863.2134768937249,948.0067935432307,495.06728940620087
2024-02-25T19:12:49.135Z,209.56711021554656,767.4318039019126,563.6976775680669
2024-07-22T07:33:33.639Z,885.9520906961989,237.17452540434897,652.0761757306755
2023-10-29T18:26:39.212Z,130.4410409082193,544.7448283287231,561.8686411764938
2024-05-07T00:56:25.830Z,389.21517640561797,13.137974056880921,38.736281209625304
2023-12-31T06:36:19.437Z,680.2661898264196,140.08008059021086,280.2214759264607
2023-08-20T21:40:13.677Z,473.8131960229948,162.03159060399048,272.2595185781829
2023-11-28T09:19:13.637Z,471.8456564724911,615.9626417730469,345.32118001021445
2023-12-11T04:49:44.910Z,398.2762093592901,122.47402455750853,53.89092585700564
2024-07-08T23:20:37.205Z,885.1286618744489,720.3626368578989,109.99353673029691
2024-07-04T10:12:41.425Z,638.8388250868302,442.7176395938732,309.13055453123525
2024-06-11T14:30:31.447Z,117.54803527728654,54.38056565239094,33.878750815521926
2023-10-24T02:35:32.132Z,327.1563868150115,850.955984544009,37.506193723063916
2024-02-23T21:49:10.760Z,488.9013402578421,209.9323155307211,864.1795128302183
2024-04-21T23:54:33.849Z,129.8895966175478,857.6040061505046,614.9914333263878
2024-05-06T03:16:33.348Z,434.25456607411616,814.0739971881267,678.3873147014529
2024-05-22T22:16:44.262Z,849.4055954478681,564.3678628096823,886.8546741819009
2024-01-21T22:55:46.912Z,702.2969847589266,10.70742529979907,333.33363835630007
2024-05-22T11:53:01.055Z,354.64883611537516,801.9971126208548,455.2003010476474
2024-05-24T03:56:51.564Z,429.30124585307203,375.6792064551264,941.7375632901676
2024-03-24T16:32:31.407Z,578.4500773267355,49.846183167304844,282.4608171861619
2024-08-01T22:27:56.588Z,252.81121971528046,361.90341466874816,493.85794382961467
2023-10-26T08:54:07.982Z,559.4969238494523,917.7137021275703,858.3042928054929
2023-12-30T22:23:41.845Z,762.6679725130089,248.8772040514741,728.3074984995183
2023-11-05T22:14:58.647Z,236.84855747944675,323.28653581649996,368.4397725779563
2024-01-06T09:40:53.955Z,40.98570000217296,452.5310171516612,923.7614592558239
2024-04-25T18:38:12.350Z,875.2732231889386,265.0869340102654,981.5060701998882
2024-08-05T14:44:01.122Z,825.5723902932368,460.8388760574162,891.1805013269186
2024-01-28T11:26:56.218Z,146.84901095926762,496.355415396858,846.5548494376708
2024-01-21T04:01:04.114Z,52.534398664487526,436.8033196441829,82.98408260359429
2024-06-10T18:16:02.668Z,247.96570485900156,518.867271219613,788.8662159484811
2024-02-23T21:23:51.014Z,453.1874947063625,972.477208547527,656.6585108134896
2023-11-02T06:20:20.666Z,327.87698205024935,469.006599200191,204.6769777489826
2023-11-30T02:54:53.817Z,965.771766216727,713.082830513129,126.44675287092105
2024-05-27T15:31:10.486Z,326.24700263445266,170.55479065841064,914.5476772249676
2024-05-26T18:01:24.888Z,165.03258968424052,204.40661907661706,62.546976478304714
2024-05-14T07:26:48.589Z,987.1035086582415,533.2699427215848,44.83395406114869
2023-09-20T09:46:27.318Z,845.9812692783307,183.00251289689913,585.4544983278029
2023-09-15T11:54:06.808Z,414.4218939754646,119.4637790163979,632.1148854149505
2024-04-09T20:49:39.729Z,195.2121359189041,289.00216850521974,850.7263998030685
2024-02-06T04:47:33.783Z,588.7852769133169,38.001213738461956,548.3838125071488
2023-09-30T15:39:55.842Z,760.0908536396455,457.25329168490134,507.7740016337484
2023-12-21T08:03:33.620Z,360.02303463593125,783.1891471636482,849.0665257533547
2023-10-05T09:41:12.581Z,981.9338545610663,530.6179452624638,84.4902778826654
2023-10-24T22:12:00.317Z,29.408895848318934,754.0068989419378,684.3665324647445
2023-10-07T22:22:41.505Z,376.9983214524109,979.818675176939,234.2584770929534
2024-08-05T21:56:21.827Z,107.96650238079019,1.2921281994786114,334.35892649227753
2024-06-19T10:19:52.374Z,213.39509384031408,278.84717872622423,135.9197212033905
2024-04-08T15:59:15.088Z,936.6533230640925,698.814065804705,834.0452175696846
2024-02-26T07:50:54.695Z,810.9433169187978,366.9130475181155,393.57089725416154
2024-01-31T18:42:59.806Z,320.4827099023387,701.3661936712451,106.72134511452168
2024-03-01T13:07:33.519Z,283.81326414784417,22.273662069812417,957.7029176130891
2024-04-03T22:36:33.124Z,970.2929336570669,711.3496288398746,108.86901841312647
2024-08-02T17:36:00.641Z,450.44338386133313,789.2244854294695,227.91049154638313
2024-06-12T14:23:28.980Z,630.7920446658973,256.77515187719837,512.6994010459166
2024-03-06T01:53:11.574Z,789.0682720404584,913.1089985782746,852.7549139398616
2024-03-22T22:10:05.347Z,571.9411047862377,998.2229143299628,379.10696623357944
2024-04-13T12:31:44.468Z,931.2921432757284,147.5519720239099,299.1961274892092
2024-03-14T20:40:18.066Z,387.3855748013593,921.925193026429,719.3977929851972
2024-03-11T01:57:47.894Z,960.8836085055955,577.562402663054,417.9457350259181
2024-04-18T07:15:50.628Z,592.0000515263528,597.9698258184362,377.6342580616474
2023-12-06T18:36:02.965Z,401.11109150084667,373.98054346372373,452.0320878648199
2024-01-22T17:37:52.326Z,90.62383173801936,927.184311685618,309.7491858631838
2024-08-13T13:23:45.555Z,623.1086401783396,737.532266125083,118.04198883171193
2023-10-03T06:08:43.542Z,883.736675610533,868.0768715438899,165.4781347492244
2023-11-09T10:26:56.593Z,713.4769528536126,917.4906208214816,543.9933631769381
2024-02-29T10:08:59.752Z,37.993222375400364,937.5846605240367,233.22361243981868
2024-07-11T01:40:26.381Z,71.5788605066482,594.7127665511798,925.8597394784447
2023-12-27T04:14:37.989Z,311.49329079152085,221.9840883729048,985.2644521854818
2024-07-05T00:26:31.933Z,375.2509422446601,840.4169997333083,695.181752996752
2023-12-13T13:19:02.051Z,838.7853730597999,880.887867140118,76.97776579950005
2023-09-01T11:59:45.682Z,221.9490919385571,336.3401758230757,903.152989250375
2024-08-02T03:32:09.677Z,799.0117885398213,45.3106288544368,192.70562978740782
2023-10-08T14:55:09.577Z,366.2290976031218,314.15355059015565,906.7238325038925
2024-03-29T05:21:44.829Z,931.8417395767756,324.51989525649697,193.9567831926979
2024-01-17T09:41:47.817Z,976.7917363233864,189.91319581633434,408.2606100414414
2023-10-31T01:54:40.572Z,986.5764992330223,450.2679439370986,128.18704063654877
2024-07-12T16:33:14.490Z,670.627472292399,838.0681251396891,742.5871708823834
2023-10-27T12:58:05.549Z,359.0479932099115,573.3645578126889,194.88730423431844
2023-11-25T03:08:35.687Z,90.34455433511175,707.1184324868955,290.8705278830603
2023-09-07T08:17:30.594Z,768.555016182363,414.5148940242361,892.6513254565652
2024-04-23T06:18:20.724Z,235.1644583675079,224.24446670920588,102.09973984514363
2024-02-26T17:29:58.585Z,814.2711847752798,850.3936449065804,14.508231730898842
2024-07-05T07:22:05.835Z,952.9744636537507,454.17150045209564,549.1218588585034
2024-07-05T08:04:22.840Z,216.33904853952117,579.9101833491586,725.0008389116265
2024-04-14T21:18:19.757Z,820.7179788032081,114.22278600698337,891.7024294203147
2024-03-11T02:32:02.567Z,21.02800960280001,243.9352706563659,49.48541163164191
2023-11-12T06:18:17.514Z,561.2502543048467,436.9882970091421,590.3162150173448
2024-08-14T20:02:01.228Z,723.2999729863368,137.95307546807453,897.4308660365641
2023-12-02T23:51:08.543Z,826.3856327263638,298.8470542279538,592.424763270421
2023-12-06T11:23:42.283Z,495.1530921808444,388.1460703306366,293.10474012838677
2024-06-14T14:56:25.895Z,436.8402568746824,78.098098984221,407.80295895808376
2024-02-02T23:27:23.378Z,90.03020792733878,553.6479192264378,542.1161622910295
2024-03-08T03:05:18.317Z,675.0511691540014,684.7505305202212,486.33916067681275
2024-03-09T20:20:51.529Z,801.453112157993,188.21988699398935,921.8957680074964
2024-05-19T18:01:11.676Z,953.2047001337633,353.9891224273015,680.143155817641
2023-11-11T12:41:34.078Z,947.1595255390275,208.1657744499389,750.7566066428553
2024-05-11T14:52:08.722Z,863.4545317306183,798.0778127228841,855.7579173154663
2023-12-15T20:02:45.714Z,139.65352690406144,643.1872642282397,267.0253609206993
2024-08-09T17:25:38.799Z,703.9831221255008,378.3733485445846,889.9039861538913
2024-02-10T06:06:05.841Z,596.7131435631309,839.300635132473,625.6067467376124
2023-11-07T08:38:38.228Z,791.1752379306126,342.2523135400843,408.9422500275541
2023-08-23T17:57:46.565Z,924.2031387777533,290.6749654568266,60.26736160507426
2023-08-31T16:18:09.537Z,777.1746168655809,239.41231616702862,65.21915784524754
2023-12-09T07:54:20.498Z,81.77692344645038,423.7263775235042,294.62966790492646
2023-10-12T20:18:34.311Z,135.79366923798807,353.52403775043786,221.0193186989054
2023-09-28T13:14:09.792Z,203.4270201290492,172.93683346756734,457.8060710870195
2024-03-07T01:04:03.564Z,818.6348662839737,140.66438536951318,893.6698689537589
2024-08-14T11:24:43.893Z,854.4143430299591,35.103986776899546,160.6690161009319
2024-06-19T18:03:18.321Z,474.7647287880536,192.69744536816142,719.8313864767551
2024-05-25T20:01:44.751Z,433.2412867306266,407.15320603875443,942.2693358534016
2023-11-18T17:01:13.572Z,5.446029275422916,889.0169695094228,685.8806239743717
2024-07-01T14:29:07.736Z,20.412032444495708,29.137825194047764,356.0701485441532
2023-12-04T08:09:23.274Z,440.51522509776987,40.98916291841306,635.9125987603329
2024-02-26T05:17:09.733Z,116.82420832803473,844.0747675807215,672.9616485650185
2024-07-11T07:59:04.596Z,30.428784923860803,702.6840328695253,849.6883660047315
2024-03-22T04:45:39.420Z,423.4103361754678,81.8294977627229,860.6667359925341
2024-01-25T08:48:21.338Z,769.9353209189139,234.90374157228507,685.2131515210494
2023-12-23T18:40:50.257Z,122.2952466220595,630.2448378421832,251.52302952762693
2023-10-18T08:28:32.374Z,78.2851504238788,684.432009912096,588.5285510313697
2024-03-15T14:02:41.323Z,7.649434173014015,551.4827285213396,702.7405913537368
2024-01-26T05:43:00.221Z,654.5982152093202,514.2080413931981,36.74552397802472
2023-09-19T18:56:52.849Z,757.9710364877246,61.252770613413304,122.82807587715797
2024-02-16T08:29:54.865Z,413.62080035870895,139.70987767842598,421.462624658132
2023-11-24T22:25:24.490Z,62.77828639722429,122.58974987780675,199.114831821993
2023-10-11T21:42:03.574Z,356.00502859964035,473.8832263399381,845.1278592962772
2023-12-25T13:13:17.783Z,231.43693280778825,354.90364864771254,290.8905499028042
2024-04-13T23:37:44.790Z,484.76388059090823,938.7794387321919,876.6635566127952
2024-02-05T12:07:54.700Z,974.5482297020499,394.30910340021364,175.44709791452624
2024-02-28T11:46:25.441Z,613.3085872188676,133.4375124720391,30.93668946251273
2024-06-23T15:06:47.746Z,24.029807191342115,881.7343603610061,263.5151547540445
2024-08-16T02:47:27.790Z,704.8061359927524,150.77207940700464,52.01252034702338
2024-02-26T17:38:36.206Z,326.1485377000645,748.3235381536651,72.95099012786523
2024-08-16T00:56:27.124Z,746.0333133311942,364.8102462918032,423.2756024966948
2023-11-20T08:30:47.896Z,899.749695738079,900.5816248469055,960.9943822836503
2024-05-17T19:40:24.427Z,566.1432977330405,173.9118593095336,214.3151079735253
2023-09-29T15:15:28.855Z,909.9939665594138,902.6406700052321,599.853747385554
2024-03-12T19:49:00.116Z,563.060240005143,642.1159059086349,698.3236356419511
2023-09-09T01:37:37.925Z,966.821471540723,33.75352806132287,270.82143259071745
2024-02-18T00:31:54.032Z,524.4734455866273,35.78812649170868,594.9549334382173
2024-07-02T06:38:10.501Z,370.5401168735698,811.7803748094011,723.4573593661189
2023-12-30T13:48:06.926Z,589.0980991076212,250.62676246813498,295.9801638361532
2024-03-15T08:15:44.821Z,94.56507491366938,88.13188832299784,103.91983913094737
2023-09-27T02:00:42.978Z,590.4359521847218,281.0957543516997,75.08550606598146
2024-03-14T15:23:14.710Z,964.3221968752332,170.9329421352595,138.521624769317
2023-09-30T10:49:57.892Z,584.5634077326395,923.2272076650988,47.55807033297606
2024-07-11T23:29:56.950Z,12.445829023141414,207.3444371477235,145.65555088291876
2024-04-08T18:43:44.067Z,545.568519753404,547.5302443585824,383.7141225268133
2024-05-27T16:16:11.753Z,679.5391797760967,281.0989865309093,322.0685075961519
2023-08-18T19:25:41.511Z,580.7894551842473,521.4068325241096,378.20551201025955
2024-02-11T16:11:24.523Z,760.0225319862366,448.6109520068858,949.1888144591358
2024-04-07T01:27:53.056Z,107.18559941719286,432.3434849907644,648.1346778604202
2023-11-08T13:15:45.998Z,583.1437911745161,270.301093372982,200.04599925293587
2024-05-08T10:16:28.697Z,146.66431527025998,569.3484372142702,936.2808516258374
2023-09-29T22:00:02.082Z,171.90403614379466,678.0876621953212,314.54236551374197
2023-12-26T04:33:36.166Z,490.73958403384313,993.3659882249776,532.1135405940004
2024-06-24T09:05:14.271Z,763.4404570639599,548.5069984022994,545.7990600061603
2024-07-15T11:03:33.330Z,331.5063636605628,32.00789775652811,81.00259555783123
2024-04-13T21:54:08.987Z,889.4505704441108,374.8713274949696,4.180632743053138
2024-01-30T19:15:52.683Z,695.0937912492082,677.4188546305522,378.00556371966377
2024-02-01T14:16:41.132Z,858.286673986353,47.12224948476069,971.8545155925676
2023-08-25T10:35:23.249Z,699.6632441347465,474.2750882948749,365.1093273051083
2024-08-03T12:23:35.656Z,540.9086488874163,671.9895183332264,867.2320141834207
2023-10-22T06:34:52.659Z,594.511120296549,285.3158911438659,963.8627310637385
2023-09-11T22:03:25.610Z,689.3891873026732,84.1844052458182,124.34270026837476
2023-10-16T03:45:40.063Z,462.6610429051798,714.282978939591,765.8751772302203
2024-01-14T23:00:35.729Z,411.94795479415916,905.2988524727989,183.7505886333529
2023-08-31T23:03:36.775Z,412.7054051528685,231.7664697135333,675.0833590631373
2024-03-24T13:13:08.168Z,83.89350353460759,58.00025305105373,559.789078099886
2023-12-16T23:45:42.799Z,560.5272944802418,351.6501699911896,320.0204433805775
2023-10-12T05:05:52.627Z,277.6359572482761,498.48146593756974,239.8864712282084
2024-07-24T02:02:48.454Z,68.93425896018744,242.15303736412898,849.6861546973232
2024-01-17T00:55:30.967Z,519.6007198099978,837.2756222905591,109.57182247424498
2024-02-14T07:31:50.807Z,681.5640879489947,581.9800156962592,642.7393161952496
2023-10-03T05:53:34.008Z,660.5542452966329,477.82137131271884,904.7082035881467
2023-11-29T11:15:36.967Z,861.7521581063047,611.223805577727,906.2393380047288
2023-12-29T08:58:56.819Z,23.313379178522155,899.1680883956142,60.55702659371309
2023-10-13T08:45:52.229Z,785.9606026727706,608.8872516902629,649.856696230825
2024-01-10T10:46:00.551Z,503.98896417138167,80.09073769953102,958.2245482138824
2023-08-29T15:08:04.925Z,156.19866151362658,846.1617542491294,463.0602658831049
2024-06-23T15:40:57.723Z,50.015269682276994,650.2613359466195,797.9240390523337
2023-12-09T09:52:59.645Z,226.64859514590353,586.6230181036517,587.4767946598586
2023-11-24T13:21:46.587Z,818.8854962424375,656.7046312382445,677.1522189187817
2024-01-05T21:14:14.021Z,474.84814348095097,47.89804483298212,285.548379635904
2024-08-01T19:30:12.763Z,180.08348384452984,982.9564475861844,986.3979452892672
2024-02-06T15:55:09.908Z,894.6207523057237,582.8274072099011,291.33743728976697
2024-06-13T01:10:56.367Z,923.1553263347596,241.20723069203086,803.2456351122819
2024-04-19T14:51:04.100Z,146.28332865866832,654.2022811644711,797.7523169715423
2023-10-29T02:28:02.500Z,895.5553459024522,571.4496467737481,719.2992154734675
2024-05-02T00:57:24.638Z,108.84883520309813,512.4791057964321,146.53885131212883
2024-02-19T15:18:17.035Z,622.5733435256407,930.3837695000693,607.3212576068472
2024-03-13T11:04:58.056Z,88.23031348315999,545.8573248279281,427.4883066257462
2024-01-09T16:38:08.719Z,950.1939940489829,934.9958370961249,734.6717421680223
2024-02-02T09:30:44.563Z,941.7465459851082,18.086149912094697,86.37740743882023
2024-03-21T17:35:30.536Z,409.55152860144153,854.0720455755945,925.1174286787864
2023-09-16T09:57:59.707Z,727.8211574063171,234.52347043156624,103.98043295461684
2024-08-12T05:13:41.553Z,396.0709557742812,829.6220991788432,38.13099982915446
2023-12-02T22:04:35.326Z,183.62700522853993,830.790468463907,422.4353575508576
2024-06-04T03:50:10.068Z,870.2121569155715,719.6525883052964,685.7576997517608
2023-12-26T21:21:11.413Z,564.0210829628631,749.3851113158744,284.0860253230203
2024-01-07T23:10:09.513Z,303.3391162387561,404.7968911062926,917.6210881911684
2024-06-23T23:46:56.652Z,784.9893116538879,394.08493051258847,992.7945472677238
2023-12-05T08:40:05.142Z,882.0934260243084,147.1704748601187,703.0415036096238
2023-11-30T12:31:48.271Z,579.7158281055745,358.47032095724717,275.5968515374698
2024-04-07T16:34:56.107Z,111.98201543372124,288.99872908135876,673.6251156840008
2024-05-27T18:10:07.816Z,367.7774477468338,880.5548326610588,706.7138155656867
2024-06-21T08:50:19.096Z,63.02801643474959,746.3982727904804,391.70669556222856
2024-06-19T11:18:00.714Z,204.8460454235319,910.8327061322052,262.56444026809186
2024-04-12T22:48:10.154Z,580.8564287007321,766.7050183084793,552.0195970700588
2024-06-08T21:12:12.390Z,105.9171228245832,75.22165975440294,826.7768301493488
2024-03-03T01:33:30.482Z,640.8044163980521,208.62915255664848,846.9583196516614
2023-12-10T05:27:02.088Z,971.8256127557252,478.63762937649153,104.43169108708389
2024-01-10T21:05:08.850Z,651.023748081876,297.23113395436667,315.12784235342406
2023-09-26T21:24:03.467Z,353.3452758642379,790.65772640449,357.1757336319424
2023-10-09T02:39:17.283Z,107.70406273356639,785.9628286338411,409.28867655829526
2024-07-23T06:07:10.571Z,988.6262553650886,746.1892613261007,464.78421946731396
2024-05-08T18:00:48.557Z,423.1796231025364,807.8451912719756,901.3281270591542
2023-09-05T16:52:03.337Z,741.5159500280861,432.02236161311157,890.9639820703305
2024-05-05T05:50:47.821Z,124.20656495518051,775.0127509136219,534.5961028740276
2024-03-27T11:47:52.010Z,870.5570948203094,817.9728615074418,782.5398645570967
2024-08-15T07:04:32.857Z,365.4671874139458,352.4552840611432,261.88601873791777
2024-02-23T06:56:04.911Z,330.32661476009525,736.0993675340433,342.0887742503546
2023-12-20T09:25:33.258Z,383.51814584387466,478.2052851677872,309.247669856064
2024-01-25T02:52:08.357Z,896.5902954537887,379.4873164575547,559.4520243306179
2024-06-02T08:03:56.536Z,623.9133416197728,189.78655956522562,330.94398424890824
2023-09-05T06:39:21.650Z,255.24793743155897,949.3556354714092,425.3343762133736
2023-12-31T19:59:35.129Z,51.15537042473443,180.81436176388524,537.9812181694433
2024-03-08T01:44:22.174Z,712.9879580519628,777.2396367930342,585.958927157335
2024-04-12T09:09:38.669Z,273.0537635849323,459.4003188267816,603.5414259161334
2024-01-10T13:04:27.861Z,74.12163514993154,862.1129547625314,804.2627483655233
2024-08-08T17:57:40.767Z,161.63170425710268,438.4919476681389,560.5964825605042
2024-02-28T17:54:19.896Z,957.2968085769098,723.5771011854522,994.5383330718614
2023-10-10T19:36:23.400Z,252.062488052994,716.5151175754145,911.5099856071174
2023-11-18T08:45:50.748Z,985.4506999996956,194.08809652063064,888.7207585205324
2024-01-11T02:54:19.890Z,285.4966456955299,295.001120099565,706.0628943075426
2024-02-01T14:21:29.456Z,199.3398311296478,895.8633251776919,966.3039227989502
2024-01-21T00:48:49.575Z,166.78485995880328,509.0087485197,115.7691502305679
2024-08-05T13:22:39.114Z,268.4374138631392,443.2241101670079,644.8914558370598
2024-06-25T02:48:49.460Z,584.9700719797984,753.457339623943,281.9983224859461
2024-05-07T18:18:17.220Z,792.5610247650184,896.5329370656982,211.90545812994242
2024-07-05T06:58:53.363Z,548.1673560519703,770.7919777338393,791.8106014188379
2024-01-25T23:36:21.397Z,789.2485223200638,928.9291490644682,688.5661922758445
2024-07-30T23:57:37.684Z,636.7824671310373,977.495901081711,668.9556552753784
2024-02-07T13:39:17.420Z,556.6908101032022,229.2712603926193,862.2170134417247
2023-10-13T02:14:49.043Z,70.27391164656729,337.74312744569033,238.88671651715413
2023-12-03T20:34:42.225Z,992.4285306513775,958.0117402879987,471.25300236209296
2024-06-21T23:19:44.008Z,837.2550534333568,229.29536822554655,933.4507000586018
2024-05-03T03:27:49.678Z,750.4822375189979,334.08667424111627,22.6258119023405
2023-11-26T05:05:48.596Z,479.3677162306849,464.31621010554954,724.2304182010703
2023-10-11T00:33:38.388Z,162.93266127351671,122.96457869489677,540.0122880910058
2024-05-10T15:08:57.601Z,287.7994515011087,756.1200970578939,638.7606705934741
2023-09-26T14:33:25.984Z,119.38564010709524,518.7402669987641,132.780712536769
2023-10-05T22:58:03.068Z,338.6898661372252,222.5139324676711,44.6288818733301
2023-12-08T16:18:14.762Z,829.8103431474883,710.9190760995261,29.122821239521727
2023-12-14T02:01:54.942Z,985.6559654762968,954.8700374409091,651.0594953419641
2023-10-27T16:20:06.101Z,857.6310882116668,843.2956751585007,109.89992587966844
2024-03-17T12:40:05.255Z,498.4182800438721,393.09591949451715,298.8807548598852
2024-01-12T15:00:51.548Z,951.0480092505459,168.99649207363836,584.3520198164042
2023-10-30T02:24:13.883Z,579.6248691026121,408.4883484209422,801.5534641584381
2024-01-31T17:27:12.829Z,8.138901613419876,89.55318191135302,740.8688168579247
2024-04-29T10:22:49.975Z,235.46763449790888,294.26892172242515,865.9826682957355
2024-01-17T04:00:57.463Z,74.42797042382881,201.7350517679006,235.77382788714021
2023-09-23T23:08:27.777Z,366.9789082866628,367.4301031525247,47.22259171609767
2024-01-19T08:09:39.816Z,218.71968250372447,747.1688346879091,217.79787108721212
2024-01-27T02:30:55.701Z,911.311028183205,622.4618235738017,66.72587553900667
2024-01-27T04:19:06.528Z,984.1822650420945,215.88058429420926,640.498115781229
2024-06-04T16:38:43.546Z,917.4666558036115,82.03135823993944,776.3229050801601
2023-10-26T21:10:58.675Z,993.0667288091499,178.24863692699,679.6065503370482
2024-03-14T09:57:36.014Z,260.72671378962696,799.7708912733942,582.0546551714651
2024-03-25T17:12:56.481Z,6.193904047366232,625.3712081904523,830.4773580809124
2024-05-29T13:11:11.331Z,91.96890907059424,865.6279380230699,852.6113559652586
2023-10-31T15:09:36.191Z,524.7094467708375,870.1379696105141,377.1563635254279
2024-06-16T23:58:41.627Z,264.82209232542664,393.79354220675305,211.13304870808497
2024-01-02T05:13:04.088Z,781.1610449575819,110.51082147355191,597.9913232061081
2023-12-09T03:34:48.679Z,396.98870045063086,507.1810902701691,841.1811640278902
2024-04-16T11:24:21.116Z,66.97232501697727,904.0113714758772,992.53963332274
2023-11-03T00:23:24.247Z,767.4972187804524,171.30100444937125,871.7541387637611
2024-05-02T12:50:26.634Z,251.9193506152369,491.06556800799444,321.1148993608076
2023-11-21T05:09:49.382Z,436.2454479781445,608.3317008852027,188.3273837014567
2024-01-09T06:34:34.845Z,174.97804697975516,415.49455647100694,735.7401837110519
2023-11-27T06:05:58.412Z,134.76753025921062,342.2595240722876,183.51849137083627
2024-07-22T20:29:59.125Z,172.6450267182663,100.9619508923497,477.9649437083863
2024-08-09T09:25:14.667Z,657.0315800281242,31.34425339801237,872.9298720955849
2023-09-24T08:50:07.020Z,287.00392371742055,424.96294541773386,198.78748203348368
2023-10-04T01:04:42.157Z,69.02492558769882,326.50312911183573,609.0280077916104
2024-05-26T23:07:29.985Z,606.7956584221683,644.4252837654203,245.7451896010898
2023-12-26T14:59:45.392Z,848.3233950464055,752.2624602357391,37.62810381921008
2024-02-29T01:47:30.288Z,161.6314991058316,239.6413663981948,540.0506257929374
2023-11-11T06:38:29.217Z,941.4846192160621,523.6687643812038,272.5614405411761
2024-02-28T14:41:42.221Z,581.8877813594881,284.05228677764535,456.7553006976377
2023-10-14T22:53:01.565Z,522.0165337282233,722.2875630934723,951.3173007641453
2023-09-03T12:52:47.595Z,919.9975291145965,947.1527132142801,197.20698105706833
2023-08-21T08:12:22.734Z,571.3427683112677,974.1488771671429,227.84065335523337
2024-05-24T13:39:13.519Z,767.6375043364242,387.122206623666,693.4544974539895
2023-10-20T05:52:36.623Z,948.4824821217917,138.93570539774373,589.6491486798041
2024-01-13T14:37:57.009Z,152.82104051974602,715.3525530013721,964.6518575230148
2024-02-12T14:47:46.852Z,811.778133496875,980.6510820416734,241.6815639231354
2024-07-02T13:21:25.822Z,879.8965157228522,996.9127157372423,815.3718073887285
2024-08-01T20:47:18.834Z,649.2516797792632,83.63902710611,310.81382164079696
2023-10-21T12:02:23.597Z,388.1785067934543,764.916748870397,903.2343508023769
2023-12-12T01:34:27.233Z,829.3256009316538,85.3169984286651,459.9132972541265
2024-05-24T00:13:02.340Z,31.87533421535045,214.05169792822562,37.70668512955308
2024-02-07T07:45:11.865Z,804.9366060940083,678.3641416791361,445.43474583281204
2023-12-20T23:20:35.268Z,804.2634447633754,610.0565902104136,579.8594998205081
2024-07-26T11:54:20.635Z,642.7753309428226,872.2521744098049,640.1322715198621
2024-03-23T12:38:01.223Z,209.95448396308348,527.191483845003,380.41050997027196
2023-10-14T15:28:16.995Z,541.2180688735098,475.5992492691148,131.43854500283487
2023-08-27T22:27:28.485Z,189.92468126374297,942.6261236863211,70.43961014179513
2023-09-21T03:28:25.471Z,885.9448178277817,20.179396252846345,613.4335013157688
2023-10-19T11:41:18.022Z,148.1048302766867,914.251934222877,864.21532033314
2023-12-01T00:27:14.542Z,899.5356669062749,92.18618403747678,731.6940742766019
2023-09-30T18:33:14.725Z,993.2993142944761,218.13193690497428,687.6767677788157
2024-02-17T21:30:33.360Z,502.24991894327104,373.8237899825908,601.1881331270561
2023-09-27T19:41:50.951Z,872.3261465618853,22.85582671663724,395.9353031015489
2024-08-06T22:01:27.027Z,196.26703747804277,246.9202358389739,944.0982429205906
2024-07-16T02:47:22.193Z,895.9317787140608,176.23998641083017,837.5006478817668
2024-02-13T20:10:30.881Z,880.6985964847263,910.407378701726,125.43616096256301
2024-07-07T14:31:48.930Z,769.1946792411618,806.7262439050246,732.8723157106433
2024-03-26T10:43:05.652Z,325.6069876551628,207.0203767574858,271.6170980723109
2024-02-26T19:44:41.311Z,564.3990816229489,658.2754926634952,847.7647830215283
2024-02-28T10:29:49.762Z,729.4791983526666,42.95789034594782,795.0394351740833
2024-08-05T07:51:03.170Z,26.114072000142187,535.7858278946951,8.882988995173946
2023-11-18T23:48:35.521Z,567.8485034683254,250.0529692491982,205.7178027210757
2024-02-20T06:01:45.329Z,426.4526383471675,307.1772241485305,65.69893386517651
2023-12-08T18:23:06.930Z,918.6426594140939,680.0231907044072,540.4938872125931
2024-01-10T06:29:49.617Z,246.07276849844493,97.29128619399853,144.61649249121547
2024-01-26T11:56:33.851Z,116.62961792806163,213.43827283312567,356.08559420192614
2024-03-19T05:35:01.565Z,162.36221862607636,579.0466162858065,917.9133098949678
2024-07-27T00:37:01.384Z,29.850368823390454,800.8067181836814,156.3918598156888
2024-05-17T22:44:03.085Z,149.6973658639472,733.6654872784857,790.4159826128744
2023-09-18T09:51:02.496Z,400.0300682769157,759.2700357283466,7.093138589756563
2023-10-11T19:33:24.705Z,834.5946480284911,650.5116763208061,16.230638307053596
2024-03-03T16:56:54.713Z,477.0042879919056,247.2158106728457,997.0092945359647
2023-09-11T10:45:00.173Z,824.5444114657585,597.3562376722693,532.7562464973889
2024-06-08T01:48:41.613Z,53.68881975649856,92.13950351718813,859.4100395487621
2023-11-09T09:47:39.738Z,764.8224009172991,140.52838403265923,650.1800123080611
2023-08-31T11:40:14.303Z,756.3186146393418,151.61869311355986,678.3030489331577
2024-06-22T19:18:51.159Z,70.54566404502839,758.5821193228476,509.4918392910622
2024-06-23T09:20:30.635Z,590.6973351400811,445.62067242944613,849.1105679166503
2024-02-01T23:43:43.225Z,599.6203738588374,782.3884629190434,451.1869290575851
2023-12-10T07:23:04.615Z,92.40503090037964,189.83220409485511,476.11965407943353
2023-11-22T11:05:13.292Z,14.898717404576018,726.2331837599631,429.1317629914265
2024-05-06T11:43:23.718Z,881.724753838731,605.9073836561292,829.7608449372929
2023-08-18T17:24:33.526Z,494.27254361636005,738.0775728572626,413.32745869643986
2023-11-23T06:31:38.837Z,669.5328062763438,599.3448035998736,935.1952441316098
2024-07-19T05:00:41.933Z,347.93773305159993,703.2448499216698,841.9067547663581
2024-07-13T12:36:28.914Z,63.00111045013182,113.10046015679836,654.6911382682156
2024-04-14T15:25:59.593Z,530.2257027775049,49.107905148528516,744.6931133421604
2024-07-05T13:13:53.388Z,206.85040916199796,839.68478205055,303.17477960372344
2024-06-18T15:08:52.056Z,468.66779652796686,192.05210552713834,496.186273988802
2024-07-26T01:38:11.652Z,502.00102602527477,824.3912313848268,327.79711377620697
2024-03-10T22:12:35.867Z,736.8893357648049,644.5420155364554,575.2273583353963
2024-04-03T18:22:34.387Z,15.633543671807274,622.7717689983547,224.68645000387914
2024-02-16T15:26:08.415Z,434.97947762697004,627.9359670486301,958.6904590781778
2024-03-04T04:16:39.030Z,608.3757449092809,867.3743121756706,788.0447879331186
2024-05-21T05:26:00.604Z,648.7615910700988,3.7043005663435906,74.2887838925235
2024-04-02T03:06:23.631Z,704.0898266048171,471.92940378026105,620.9681685732212
2024-08-08T21:53:05.494Z,968.0865326670464,172.156834844267,382.5170327615924
2024-07-18T03:00:10.942Z,330.4638977108989,937.2026172205806,298.045952005079
2024-01-02T02:19:50.369Z,915.5891869650222,402.3778691990301,738.6335681567434
2024-07-21T20:06:07.279Z,117.5209329801146,703.7396857196,210.358262834372
2024-05-16T11:18:02.419Z,389.64501018612646,755.9315644353628,781.1058260041755
2023-12-03T03:32:39.043Z,998.8691324603278,333.67747839936055,650.7742194740567
2024-06-15T07:30:22.206Z,115.98007806832902,627.2072427524254,419.2565760537982
2024-05-27T19:32:17.449Z,661.3233683439903,706.4073716686107,28.701710342196748
2024-02-15T19:22:50.135Z,511.65842674602754,760.4698096723296,829.1438257407863
2024-02-19T05:27:46.164Z,307.8498619014863,334.963790359674,38.05009696003981
2023-09-15T00:18:44.409Z,345.9211137343664,680.7421905512456,246.67424155492336
2023-11-17T03:39:14.681Z,721.2476664192509,24.773261441849172,383.49841573438607
2023-09-07T18:08:30.733Z,639.3413975532167,176.9496058204677,167.46114275208674
2024-06-25T08:09:30.393Z,777.0606904567685,306.0456350904424,847.6265736336354
2024-03-23T11:11:52.658Z,691.7614407676738,683.572861044202,875.8276198436506
2023-10-08T23:16:05.242Z,961.6074054497294,456.33446868509054,472.6110405100044
2024-08-11T11:42:21.763Z,919.1424590819515,280.0150639752392,739.3892019265331
2023-11-06T09:41:45.623Z,113.25466855266131,168.50660363119096,827.6532159107737
2024-01-23T20:33:50.027Z,792.2184070234653,356.98348712013103,430.2501805005595
2023-11-11T13:13:31.774Z,612.3553004337009,466.8320120086428,83.30238689575344
2023-08-23T06:07:59.872Z,876.2258693997283,118.55461673415266,720.1782330791466
2023-11-21T07:56:31.951Z,625.6082786268089,782.2240395250265,935.0602345918305
2024-02-16T18:08:51.125Z,540.5943010840565,533.5962658233475,534.9776567916851
2024-07-29T00:15:14.770Z,608.4466435138602,597.5166894586291,572.3222418886144
2023-09-05T04:25:17.163Z,299.80031682294793,388.58429763582535,769.4388148360886
2024-04-04T20:20:21.984Z,8.993916055187583,439.33753585093655,349.70389034599066
2024-06-04T07:09:34.566Z,520.2958327918313,590.2804498472251,467.05269197491
2024-04-12T10:20:55.543Z,451.08331045345403,459.25206260895357,341.93885635375045
2023-10-16T05:36:06.314Z,154.47993091330864,199.3976635520812,435.99462589388713
2024-05-24T11:55:39.801Z,446.8704614159651,77.60412891535088,382.21488494612277
2023-08-22T16:52:50.043Z,792.3710500360467,381.2796810127329,113.56933082826436
2023-10-08T20:27:55.319Z,990.3332351238932,273.42083386937156,432.8084152226802
2023-09-23T13:51:41.429Z,948.6118955907878,514.517362525221,933.5362823305186
2024-07-28T23:12:23.990Z,673.5445707829203,758.3225427221041,811.0684447730891
2023-12-10T07:07:52.304Z,259.7016908151563,907.7998237067368,247.41446827817708
2023-09-14T19:22:14.857Z,197.92006175476126,347.96957406401634,650.7041868311353
2023-11-15T02:18:04.687Z,735.6694188502152,20.12824031803757,59.03562546521425
2023-10-26T00:53:59.360Z,652.0915257907473,839.3327866629697,699.8944147275761
2024-05-31T01:14:18.978Z,444.10082621732727,290.2493633283302,343.3805101590697
2023-11-28T08:49:02.209Z,648.5312122402247,452.56829350977205,390.6080253748223
2024-05-27T09:29:59.679Z,914.7387951721903,781.2628102223389,99.3472480357159
2024-01-13T09:28:33.802Z,66.31950738886371,945.4272775168065,297.88431117869914
2023-12-28T12:51:26.834Z,655.7367024207488,273.1785081180278,615.0973325520754
2023-10-14T07:42:45.050Z,754.3527525842655,535.7501101745293,530.6347672014963
2023-09-16T10:21:33.787Z,328.26244454155676,465.812503463123,248.90866848803125
2024-01-07T07:03:34.906Z,88.3145766928792,181.42953994870186,415.61246983893216
2023-10-13T07:26:05.444Z,915.7767370943911,4.5671579737681895,196.1749392109923
2023-12-25T15:51:43.589Z,797.9940858837217,923.2785224642139,785.9324855513405
2024-04-19T19:58:42.376Z,3.747317671077326,85.6404380153399,930.0774319001939
2024-03-14T21:08:55.582Z,622.2337618833408,708.8589440116193,221.72671284526587
2024-03-07T15:36:56.607Z,879.1863534299191,464.17526257620193,811.3029801258817
2024-04-10T14:45:37.487Z,751.9692090540193,812.2716627928894,250.07846708665602
2024-01-01T07:06:18.478Z,153.47650534356944,512.1632093568332,486.1764136152342
2024-06-16T11:24:19.636Z,359.6992635973729,207.86205729702488,835.8113362528384
2023-09-13T22:26:36.147Z,465.0556413442828,763.4703672819305,145.34908488905057
2023-09-28T23:21:15.403Z,104.29169953474775,670.0047842219938,40.114601189037785
2024-08-11T09:28:01.387Z,281.1005868038628,505.09822570020333,63.05209984490648
2023-11-02T08:24:20.722Z,772.9518249693792,490.1303754718974,158.55150562152267
2024-02-11T23:05:44.557Z,987.3606867103372,998.745030129794,452.07344584935345
2024-02-27T20:20:49.087Z,628.5336594602559,966.4823004335631,337.41372009692714
2023-12-04T10:16:07.971Z,187.1781621009577,51.17703365464695,749.6493603414856
2023-12-05T07:49:50.014Z,679.6423387669493,293.69134320667945,168.15202873386443
2024-03-07T12:35:27.852Z,215.19479894987307,349.76908448920585,93.65856959624216
2024-05-24T07:31:29.099Z,826.6085453990381,600.541538188234,441.95998361869715
2024-06-26T01:49:20.858Z,505.28506849962287,341.27868095901795,282.1377176574897
2023-11-03T01:37:56.300Z,234.2004627790302,719.5981176190544,96.33976436103694
2024-06-14T03:04:06.000Z,227.3767586487811,490.5545706162229,296.8581010249909
2024-06-11T06:22:46.994Z,883.9839622080326,748.0189252665732,676.4875646205619
2023-10-02T00:32:14.770Z,812.4253690100741,515.3784061348997,310.88847670005634
2023-12-13T03:34:35.140Z,725.7481814997736,565.6679378151894,799.586652871687
2023-08-25T06:15:23.861Z,542.6001567048952,824.2336528792512,642.7951764208265
2024-04-05T14:32:48.851Z,35.978169604437426,911.7581907333806,211.5640580379404
2024-03-14T18:40:52.923Z,135.6710529748816,608.1398176911753,247.21781264222227
2023-11-20T19:44:07.624Z,848.5240281049628,878.4080620745663,804.4610735885799
2024-06-22T08:24:20.106Z,904.691235112492,229.82429286115803,717.306643281132
2024-07-24T14:45:54.072Z,803.665074096527,78.19568632706068,113.0896480800584
2023-12-21T02:18:02.660Z,152.33368460228667,715.20869288221,188.6926613545511
2023-12-05T05:57:49.727Z,188.84501455025747,774.9753817489836,260.91266690241173
2024-08-10T19:58:59.648Z,630.538946146844,267.116802098928,797.0073336230125
2024-07-17T05:08:09.038Z,761.0931301761884,166.78548122756183,13.194167827721685
2024-05-08T03:19:49.013Z,168.40857039834373,804.8465267759748,927.1790963774547
2024-05-07T04:02:41.027Z,443.08160818647593,697.7396153297741,215.69555645552464
2023-12-06T09:36:11.217Z,591.7167401795741,244.02580214454792,109.20156327378936
2024-08-10T20:19:35.421Z,658.6724929367192,783.6606257217936,86.075338706607
2024-04-23T11:38:36.617Z,12.747159257298335,835.1994970096275,533.5577478581108
2024-04-17T22:12:05.585Z,453.00730257621035,34.623556691920385,814.7577091555577
2024-02-22T12:29:50.153Z,139.44420701498166,448.9559241035022,321.12310075969435
2024-06-26T20:00:22.617Z,979.4137742538005,459.9216247210279,179.3434859975241
2024-04-08T13:48:26.383Z,948.6212702130433,662.915203346638,504.81464919191785
2024-02-29T11:19:04.308Z,184.99925068346784,851.2050246964209,837.2067954347003
2024-01-03T04:10:49.670Z,526.9011392055545,543.704331784742,784.3466976266354
2023-09-05T13:25:37.424Z,496.0923056353349,795.4834620731417,906.9148513644468
2024-06-28T22:06:51.439Z,625.9970642430708,163.8928501661867,898.0026405390818
2023-09-12T12:20:32.229Z,769.35015482991,200.9624164935667,887.0964989175554
2023-12-22T06:04:59.214Z,803.8723020008765,240.77064948156476,189.61133177019656
2023-10-09T12:52:50.047Z,78.44513678201474,687.9094021096826,31.644445065874606
2024-01-24T23:19:07.796Z,154.5552488763351,299.86166007677093,360.4631331905257
2024-01-26T14:31:09.309Z,880.3315841171425,284.7550001256168,382.67347572464496
2024-07-25T00:29:35.738Z,838.6984554438386,865.7550820352044,465.9102785123978
2024-04-07T09:48:41.042Z,356.3168068949599,526.6281721813139,537.2891482647974
2023-12-23T23:46:45.552Z,426.37550774938427,675.422819056781,734.0710094703827
2023-12-24T10:42:35.664Z,538.8849806934595,864.3249127469026,153.05573752801865
2024-07-09T22:28:24.149Z,723.8998290228192,137.97158513683826,297.3381898889784
2024-02-03T01:35:52.854Z,521.5827995149884,895.452038514195,760.4902568808757
2023-08-24T10:11:22.098Z,348.5309791234322,339.0443642772734,595.4288970713969
2023-10-27T20:26:25.153Z,91.87167736981064,28.52181012229994,290.842872468289
2023-10-04T04:06:54.242Z,739.4026651531458,716.2894925796427,427.16612655622885
2023-10-28T07:51:54.679Z,167.75675317342393,456.44665409927256,851.3332060948014
2024-06-16T03:58:05.304Z,701.3463342373725,700.2293083609547,74.18553814268671
2024-02-21T04:35:42.843Z,556.0304418848827,944.2041888984386,686.5052693553735
2023-11-17T12:40:30.019Z,893.8355565168895,556.1990511091426,25.82689255173318
2023-08-18T02:01:06.147Z,196.92760596307926,619.098559912527,38.12541492306627
2023-12-01T11:47:41.329Z,785.2257968741469,852.9637530492619,762.8409894658253
2024-07-27T18:21:53.769Z,837.2491826645564,940.7397072750609,684.1625174339861
2024-04-30T03:34:29.917Z,122.47446626075543,206.43786251614802,462.6597350076772
2023-11-30T14:58:32.986Z,630.1336470162496,366.2771490549203,90.14681618893519
2024-05-03T23:20:05.516Z,796.7424547225237,386.51378424232826,902.1881849193014
2023-10-31T01:47:42.472Z,515.7224750542082,533.8580872255843,875.5110802710988
2024-04-04T03:47:22.313Z,541.0280883295927,593.1190207574982,321.4443069421686
2024-07-29T19:32:32.701Z,31.731707856990397,119.61720285983756,378.96026400174014
2024-07-28T13:19:50.527Z,125.57804423291236,195.0226638338063,42.98114640568383
2024-08-09T16:23:26.846Z,454.36756412661634,676.7696511072572,813.8447164525278
2024-01-29T23:39:37.069Z,378.55260121217,318.3000618009828,412.70455547305755
2024-03-08T07:19:43.193Z,397.3093411878217,158.94505623658188,49.985708826221526
2023-08-21T21:22:12.385Z,727.658337541623,463.6727896616794,928.5440252355766
2024-06-18T07:25:25.406Z,844.1304721983615,296.3662355011329,202.81939858198166
2023-10-11T01:05:47.417Z,809.377941080369,494.9564614328556,963.2987644046079
2023-08-17T16:58:13.838Z,946.0925986729562,285.0983598541934,830.0507425237447
2024-07-07T02:18:31.083Z,497.7511376468465,523.846601691097,143.22889720881358
2024-03-19T15:17:42.457Z,323.42129159206524,28.04746758728288,666.0594961703755
2024-05-26T22:15:09.602Z,917.6358883900102,107.9700280984398,757.0313706304878
2024-04-18T13:57:09.241Z,710.1841963347979,567.839092560811,164.16559575730935
2024-02-09T18:47:53.754Z,196.8519946942106,703.3184696880635,89.75007526227273
2023-08-26T05:29:11.748Z,281.11095810774714,723.7811550600454,194.1283268709667
2024-05-28T01:50:56.274Z,678.5409388116095,734.240624447586,540.769748451421
2024-01-24T22:20:18.168Z,540.9231550826225,309.23747835028917,388.89461126271635
2023-09-16T00:09:04.708Z,614.0821352070197,50.67145044216886,883.6630051378161
2024-05-04T22:51:04.759Z,1.7718139714561403,860.1522412600461,753.1726961894892
2024-03-31T20:33:58.126Z,21.1766209974885,94.66716651315801,719.2382299550809
2024-02-12T02:54:12.799Z,508.1873586503789,518.6331933867186,269.79993370571174
2023-08-25T07:19:22.177Z,550.1221238891594,371.84191473107785,596.0686671251897
2023-09-26T04:51:40.708Z,781.3114943401888,646.4670652814675,819.037754770834
2023-12-04T15:03:48.677Z,717.7071378713008,686.2714506364428,822.3810652613174
2023-08-31T15:06:27.700Z,883.0606612351257,31.189836361911148,934.3719283523969
2024-07-30T18:09:04.372Z,813.0026728278026,727.8974994975142,739.564468565397
2023-09-20T23:52:35.452Z,169.39345466601662,402.2760823026765,340.8489476607647
2024-03-26T07:32:37.471Z,646.6439675481524,854.8665685367305,391.5026070305612
2023-09-17T10:09:21.956Z,903.3615976227447,315.5972612579353,664.577614805894
2023-09-06T03:30:33.944Z,451.0046249392908,318.0172465853393,664.7273994239513
2024-04-02T09:13:14.650Z,559.9473332324997,443.53644646448083,16.632052356377244
2024-01-16T19:00:43.873Z,96.99694505892694,957.9336078914348,682.8301201711874
2023-10-26T01:02:39.455Z,691.6078896932304,42.8412123050075,657.5884768767282
2023-12-31T11:21:09.143Z,949.8858991726302,924.5355029099155,835.300556340022
2024-07-09T16:35:58.957Z,279.58147862460464,366.1757782760542,999.2098182444461
2023-12-22T09:46:09.568Z,78.74598414311185,589.5265307885129,840.4470583486836
2024-08-07T09:25:13.282Z,543.1034506896976,278.7889922899194,885.9846927686594
2024-02-08T00:05:49.148Z,366.03154809377156,441.6641794433817,531.6258353146259
2023-12-24T05:37:00.670Z,125.24367138603702,112.695128695108,544.5180449958425
2024-06-07T13:14:03.857Z,202.4105739663355,196.9519063869957,458.89009924209677
2024-01-09T20:11:17.787Z,157.80851633404382,76.31743177305907,216.56964531354606
2024-04-04T15:37:48.008Z,672.810617920477,319.42465152568184,878.6845955210738
2024-02-13T11:21:23.735Z,591.8259609020315,829.5291519297753,725.142661008751
2024-03-18T19:55:29.569Z,671.6640130453743,832.8316438300535,630.9552978603169
2024-07-18T04:01:19.258Z,942.4906891903374,638.7595136519521,798.8504812587053
2024-01-24T21:52:43.004Z,631.2200009168591,922.4984268476255,277.0978643046692
2023-11-22T10:17:51.801Z,431.55608650064096,755.9021924487315,768.4761608717963
2024-05-12T03:39:38.430Z,710.3070749682374,133.25962701439857,264.6255597337149
2024-08-08T19:58:29.310Z,940.7101396736689,641.9737042118795,871.0461259072181
2023-11-14T03:34:34.962Z,456.96350062824786,300.4350513666868,993.0240133837797
2024-03-03T08:38:14.929Z,271.94550129631534,820.5780193493702,541.6021564791445
2023-10-08T08:55:42.600Z,198.64129942515865,591.0325048670638,589.772273169132
2024-04-26T20:08:55.484Z,321.75910645048134,815.9732583484147,604.8041712986305
2023-09-29T20:18:48.209Z,266.58714803657494,894.9727632773574,595.901727022836
2024-02-03T20:36:06.022Z,962.2050590175204,160.25637595076114,327.47935213474557
2024-04-04T17:44:15.634Z,247.7761925344821,440.03035472054034,545.0830941651948
2023-09-16T11:05:41.643Z,14.300600036745891,371.7231802928727,647.0802873186767
2024-06-26T02:41:47.574Z,403.7403564779088,347.82883982686326,438.06230415264145
2024-04-10T02:09:07.185Z,819.8653850068804,922.9948503582273,652.9301960493904
2023-10-14T11:44:31.376Z,903.7784198815934,871.5135663347319,150.7380996576976
2023-11-25T10:01:54.148Z,558.6075007480104,57.1549549177289,671.449743009638
2024-05-11T19:16:34.703Z,955.5611960273236,866.7428702865727,538.0361373042688
2024-05-02T01:52:56.329Z,545.1926461069379,962.2798206065781,288.7220614259131
2023-10-11T04:56:18.029Z,726.048741137376,245.48354846215807,947.0093168951571
2024-05-18T14:30:20.123Z,49.92169627989642,72.85712411743589,192.0867274790071
2024-07-12T15:25:33.775Z,432.24275362328626,601.6911977704149,325.18251618463546
2023-10-30T06:24:57.233Z,168.41744028334506,641.3589540070388,8.703122036764398
2024-04-08T01:13:34.624Z,409.78878581384197,564.4612840930931,980.6810773904435
2024-03-10T19:58:39.179Z,194.32408770313486,191.83088593394496,514.1918807297479
2024-01-11T19:29:22.589Z,717.0366411812138,670.7234570363071,852.1837804769166
2024-03-09T17:28:34.706Z,8.772221497260034,153.61686788941734,837.0091754482128
2024-04-28T22:43:19.832Z,242.75041553610936,249.86620320705697,256.5746427932754
2024-06-02T06:25:48.476Z,12.054116628598422,835.288288898766,139.02095784596168
2023-08-22T19:13:01.343Z,170.77299671433866,158.095005199546,199.2832614807412
2024-04-03T16:20:19.492Z,50.00159781542607,926.8587301056832,277.9921335815452
2024-02-07T09:01:56.817Z,968.6659991792403,169.98626950150356,375.7706332122907
2023-09-09T09:35:02.037Z,538.8165276222862,27.84851714130491,385.15670509519987
2024-04-12T21:05:29.091Z,286.4875572703313,903.1205653478391,856.4031694671139
2023-09-08T10:32:29.386Z,731.87497303891,402.9104428291321,130.00122123840265
2024-05-01T01:06:20.104Z,422.79270920087583,597.1576263539027,528.2487816268113
2024-01-18T21:58:13.979Z,102.15658535505645,938.8492632000707,589.0237392149866
2024-05-19T19:00:21.107Z,392.15724915592,164.7855908102356,946.8989687711
2024-06-29T18:59:49.744Z,453.92432736232877,333.1566551455762,650.1338169868104
2023-08-31T23:36:11.361Z,69.57345240400173,691.3357456000522,854.5263165475335
2023-11-19T07:07:54.032Z,648.5721922533121,316.0375482167583,444.3775262038689
2024-01-10T00:17:37.218Z,482.82082056463696,702.1029002591968,506.9526466540992
2023-10-17T19:38:08.162Z,794.0482751848176,404.6259677663911,661.8265611487441
2024-04-14T07:15:23.309Z,972.5054515043739,420.0666088697035,234.4971531520132
2023-08-23T03:37:14.545Z,56.77106246165931,292.8020382649265,194.81855134456418
2023-12-19T13:49:10.495Z,463.39152284967713,995.1319885158446,52.16644706693478
2024-02-11T10:56:45.138Z,410.5860345887486,78.97015982191078,281.8043891747948
2024-03-10T01:41:06.695Z,941.1850495147519,905.1543720152695,669.6393135127146
2024-03-22T14:51:35.725Z,699.2111225991976,469.61120744259097,766.7990385312587
2024-02-20T21:03:03.599Z,124.66570326895453,694.6739342866931,809.4559006567579
2024-06-01T23:59:56.126Z,699.455460089026,973.1320974591654,641.9008997008204
2024-01-12T19:02:52.017Z,115.27990515367128,878.5045296915341,199.93905240669847
2024-07-06T02:49:33.968Z,466.25560764665715,87.67438703263178,627.8533585397527
2024-05-06T22:31:23.027Z,641.9576514738146,412.4442296747584,256.2696282097604
2023-12-04T12:32:00.600Z,5.724626794923097,56.119258262217045,407.66987253702246
2024-06-24T04:18:15.558Z,107.41898829536512,328.68923547747545,845.5923050269485
2023-09-30T21:31:38.669Z,187.88243385427631,443.4776713231113,266.20392941636965
2023-12-28T06:04:15.061Z,163.15559650817886,112.47181758238003,842.2677033089567
2024-05-22T14:58:59.973Z,452.982760715764,844.2465531607158,642.0225648714695
2024-03-25T22:57:12.954Z,790.7568081882782,751.8147638735827,660.7894649521913
2024-03-01T00:50:25.799Z,4.205893330741674,170.64031408308074,249.55259925150312
2024-01-08T13:04:40.590Z,614.7056120166089,636.7201716217678,980.5138114185538
2024-07-01T06:00:57.083Z,590.2289005895145,803.1555806822143,60.75635803490877
2023-10-24T06:42:20.370Z,919.5015598675236,625.3254031683318,568.0416064052843
2024-03-17T05:24:24.227Z,976.7927816179581,740.1971664826851,997.1632801031228
2023-11-07T16:45:56.816Z,618.4097680088598,142.70010003680363,510.95687429374084
2024-06-14T21:46:28.413Z,893.07834015158,205.88364007719792,3.3269985367078334
2023-11-23T18:00:01.701Z,502.384432584513,536.0697170144413,218.13221160299145
2023-09-20T02:59:42.002Z,360.06618734519,850.8532088743523,774.4729025543202
2023-12-17T08:11:45.700Z,723.0747969043441,171.38474873336963,19.37563171540387
2024-08-05T00:16:12.841Z,606.7145729637705,330.8571643240284,899.5899019709323
2023-10-19T23:10:39.817Z,348.2944220304489,196.32192242098972,326.2655748720281
2024-04-19T04:00:51.316Z,246.4156409346033,757.6005293380003,223.92644013883546
2024-04-23T04:42:25.203Z,549.6368604216259,146.6694503321778,436.1602357693482
2024-03-24T01:46:32.075Z,579.3323959605768,664.0287135071121,52.60006498126313
2024-01-02T21:44:33.582Z,421.60297836526297,320.12390707456507,930.8871621063445
2023-11-21T08:40:36.004Z,805.9110027588904,723.3556394579355,976.1915195276961
2023-10-07T07:49:48.684Z,964.958931760164,365.74870240781456,589.373588655144
2024-06-22T21:48:55.650Z,31.69426565663889,993.9280068774242,433.92436649720185
2024-04-22T19:41:59.532Z,400.8237480709795,833.5991468336433,694.2324652657844
2024-07-01T00:43:05.148Z,585.6700106684584,302.3957534718793,189.66772324917838
2023-11-18T05:47:13.555Z,984.3226238663774,34.48432387365028,537.2809003463481
2023-11-11T03:29:38.039Z,952.7272996352986,34.78985412651673,905.4630339650903
2024-03-18T19:30:56.251Z,897.5683939128648,641.2101716529578,558.3569505705964
2024-07-14T07:52:30.719Z,787.1727512856014,987.8663129534107,691.2372108863201
2023-09-10T08:20:58.843Z,439.4559241835959,875.5967646534555,843.9950007193256
2023-11-03T01:51:48.087Z,890.405921534868,432.1228615457658,896.9728590785526
2023-10-16T04:13:34.884Z,692.900472025387,820.2878545080312,784.3997173677199
2024-02-14T23:03:54.126Z,985.7533965134062,236.18549973261543,451.9806704900693
2024-07-06T01:13:23.784Z,353.71097475197166,409.62038267124444,360.3421362733934
2024-05-20T23:19:28.158Z,847.2113749075215,838.2364115181845,913.8266302847769
2024-02-05T10:19:45.482Z,298.6809061211534,699.1094271137845,666.4448691115249
2024-04-24T12:59:10.576Z,719.2524535439443,144.17594432504848,481.271098326426
2023-08-26T01:53:54.388Z,406.21564495912753,755.7321925221477,553.1416458962485
2024-01-26T02:01:18.148Z,900.0905266632326,943.5358453663066,717.9600900863297
2024-03-16T11:25:27.304Z,888.2497458558064,301.0551683008671,912.1838821794372
2024-05-30T00:29:58.973Z,217.24365399801172,93.88799872924574,118.45952912000939
2023-10-13T07:39:40.660Z,907.5833665537648,137.77913254336454,723.0717794129159
2024-07-31T10:23:10.143Z,895.3208854461554,919.6100809357595,294.4224565150216
2024-07-18T23:32:36.207Z,205.02189913927577,12.94135633436963,838.8262453800999
2023-12-15T21:02:52.947Z,281.0440880972892,977.1890092012472,835.4786585788243
2024-04-12T21:28:26.855Z,775.6745221619494,679.3716858583502,60.50444227573462
2024-07-24T23:33:04.319Z,891.8422567585949,665.9527167945635,544.0609565665945
2024-04-22T15:24:50.565Z,564.1984090227634,937.9088607055601,262.05742471828125
2024-07-29T15:47:48.181Z,472.7996903618332,839.983410428511,790.228888375219
2023-10-14T16:56:48.030Z,163.7233482315205,562.6809913644101,840.14833879238
2024-03-18T22:06:08.958Z,557.7864055801183,582.981328347465,129.41189560270868
2024-02-01T21:49:25.399Z,796.7292243263219,3.017197322798893,438.4816431198269
2024-06-25T13:28:37.143Z,53.2287117424421,526.2433416582644,678.7808113538194
2023-10-17T21:50:12.996Z,506.0652834388893,299.1952808331698,810.3284980976023
2023-09-14T17:08:26.437Z,301.07736348197795,314.2981975877192,664.90021192329
2023-10-12T19:01:09.336Z,36.07133061089553,278.1100127575919,678.146453153342
2023-09-26T12:10:23.020Z,659.2943362118676,894.3288932219148,175.48837704840116
2024-07-16T16:37:42.830Z,266.52522700978443,997.2044868990779,336.7983944450971
2024-06-15T08:06:20.513Z,890.7225422840565,192.43216523644514,661.3337950061541
2024-06-19T14:27:13.602Z,485.8346725348383,699.8069265491795,553.7220530339982
2024-07-27T19:32:55.260Z,256.25552138499916,274.69307598797604,214.95244179782458
2024-06-01T23:49:31.247Z,60.733188966754824,798.4412321520504,369.6883120490238
2024-05-25T02:41:30.033Z,296.4464880267624,314.57559187873267,593.3939495116938
2024-05-18T10:31:44.345Z,924.0207918614615,274.0098764335271,166.33193061104976
2024-01-07T04:54:28.653Z,567.4481365743559,558.9754446698353,357.7278929282911
2024-03-15T11:08:32.212Z,90.50593162816949,559.2367494723294,702.9903539549559
2024-02-05T06:17:17.364Z,517.1631007771939,750.9687581777107,606.306979023153